mysqldump: [Warning] Using a password on the command line interface can be insecure.
-- MySQL dump 10.13  Distrib 8.0.33, for Linux (x86_64)
--
-- Host: localhost    Database: news
-- ------------------------------------------------------
-- Server version	8.0.33

/*!40101 SET @OLD_CHARACTER_SET_CLIENT=@@CHARACTER_SET_CLIENT */;
/*!40101 SET @OLD_CHARACTER_SET_RESULTS=@@CHARACTER_SET_RESULTS */;
/*!40101 SET @OLD_COLLATION_CONNECTION=@@COLLATION_CONNECTION */;
/*!50503 SET NAMES utf8mb4 */;
/*!40103 SET @OLD_TIME_ZONE=@@TIME_ZONE */;
/*!40103 SET TIME_ZONE='+00:00' */;
/*!40014 SET @OLD_UNIQUE_CHECKS=@@UNIQUE_CHECKS, UNIQUE_CHECKS=0 */;
/*!40014 SET @OLD_FOREIGN_KEY_CHECKS=@@FOREIGN_KEY_CHECKS, FOREIGN_KEY_CHECKS=0 */;
/*!40101 SET @OLD_SQL_MODE=@@SQL_MODE, SQL_MODE='NO_AUTO_VALUE_ON_ZERO' */;
/*!40111 SET @OLD_SQL_NOTES=@@SQL_NOTES, SQL_NOTES=0 */;

--
-- Table structure for table `admin_permissions`
--

DROP TABLE IF EXISTS `admin_permissions`;
/*!40101 SET @saved_cs_client     = @@character_set_client */;
/*!50503 SET character_set_client = utf8mb4 */;
CREATE TABLE `admin_permissions` (
  `id` int unsigned NOT NULL AUTO_INCREMENT,
  `action` varchar(255) DEFAULT NULL,
  `subject` varchar(255) DEFAULT NULL,
  `properties` json DEFAULT NULL,
  `conditions` json DEFAULT NULL,
  `created_at` datetime(6) DEFAULT NULL,
  `updated_at` datetime(6) DEFAULT NULL,
  `created_by_id` int unsigned DEFAULT NULL,
  `updated_by_id` int unsigned DEFAULT NULL,
  PRIMARY KEY (`id`),
  KEY `admin_permissions_created_by_id_fk` (`created_by_id`),
  KEY `admin_permissions_updated_by_id_fk` (`updated_by_id`),
  CONSTRAINT `admin_permissions_created_by_id_fk` FOREIGN KEY (`created_by_id`) REFERENCES `admin_users` (`id`) ON DELETE SET NULL,
  CONSTRAINT `admin_permissions_updated_by_id_fk` FOREIGN KEY (`updated_by_id`) REFERENCES `admin_users` (`id`) ON DELETE SET NULL
) ENGINE=InnoDB AUTO_INCREMENT=131 DEFAULT CHARSET=utf8mb4 COLLATE=utf8mb4_0900_ai_ci;
/*!40101 SET character_set_client = @saved_cs_client */;

--
-- Dumping data for table `admin_permissions`
--

LOCK TABLES `admin_permissions` WRITE;
/*!40000 ALTER TABLE `admin_permissions` DISABLE KEYS */;
INSERT INTO `admin_permissions` VALUES (1,'plugin::upload.read',NULL,'{}','[]','2023-06-04 14:22:27.511000','2023-06-04 14:22:27.511000',NULL,NULL),(2,'plugin::upload.configure-view',NULL,'{}','[]','2023-06-04 14:22:27.522000','2023-06-04 14:22:27.522000',NULL,NULL),(3,'plugin::upload.assets.create',NULL,'{}','[]','2023-06-04 14:22:27.531000','2023-06-04 14:22:27.531000',NULL,NULL),(4,'plugin::upload.assets.update',NULL,'{}','[]','2023-06-04 14:22:27.539000','2023-06-04 14:22:27.539000',NULL,NULL),(5,'plugin::upload.assets.download',NULL,'{}','[]','2023-06-04 14:22:27.548000','2023-06-04 14:22:27.548000',NULL,NULL),(6,'plugin::upload.assets.copy-link',NULL,'{}','[]','2023-06-04 14:22:27.556000','2023-06-04 14:22:27.556000',NULL,NULL),(7,'plugin::upload.read',NULL,'{}','[\"admin::is-creator\"]','2023-06-04 14:22:27.568000','2023-06-04 14:22:27.568000',NULL,NULL),(8,'plugin::upload.configure-view',NULL,'{}','[]','2023-06-04 14:22:27.576000','2023-06-04 14:22:27.576000',NULL,NULL),(9,'plugin::upload.assets.create',NULL,'{}','[]','2023-06-04 14:22:27.586000','2023-06-04 14:22:27.586000',NULL,NULL),(10,'plugin::upload.assets.update',NULL,'{}','[\"admin::is-creator\"]','2023-06-04 14:22:27.594000','2023-06-04 14:22:27.594000',NULL,NULL),(11,'plugin::upload.assets.download',NULL,'{}','[]','2023-06-04 14:22:27.603000','2023-06-04 14:22:27.603000',NULL,NULL),(12,'plugin::upload.assets.copy-link',NULL,'{}','[]','2023-06-04 14:22:27.624000','2023-06-04 14:22:27.624000',NULL,NULL),(16,'plugin::content-manager.explorer.delete','plugin::users-permissions.user','{}','[]','2023-06-04 14:22:27.680000','2023-06-04 14:22:27.680000',NULL,NULL),(17,'plugin::content-manager.single-types.configure-view',NULL,'{}','[]','2023-06-04 14:22:27.688000','2023-06-04 14:22:27.688000',NULL,NULL),(18,'plugin::content-manager.collection-types.configure-view',NULL,'{}','[]','2023-06-04 14:22:27.697000','2023-06-04 14:22:27.697000',NULL,NULL),(19,'plugin::content-manager.components.configure-layout',NULL,'{}','[]','2023-06-04 14:22:27.707000','2023-06-04 14:22:27.707000',NULL,NULL),(20,'plugin::content-type-builder.read',NULL,'{}','[]','2023-06-04 14:22:27.716000','2023-06-04 14:22:27.716000',NULL,NULL),(21,'plugin::email.settings.read',NULL,'{}','[]','2023-06-04 14:22:27.725000','2023-06-04 14:22:27.725000',NULL,NULL),(22,'plugin::upload.read',NULL,'{}','[]','2023-06-04 14:22:27.733000','2023-06-04 14:22:27.733000',NULL,NULL),(23,'plugin::upload.assets.create',NULL,'{}','[]','2023-06-04 14:22:27.742000','2023-06-04 14:22:27.742000',NULL,NULL),(24,'plugin::upload.assets.update',NULL,'{}','[]','2023-06-04 14:22:27.750000','2023-06-04 14:22:27.750000',NULL,NULL),(25,'plugin::upload.assets.download',NULL,'{}','[]','2023-06-04 14:22:27.759000','2023-06-04 14:22:27.759000',NULL,NULL),(26,'plugin::upload.assets.copy-link',NULL,'{}','[]','2023-06-04 14:22:27.768000','2023-06-04 14:22:27.768000',NULL,NULL),(27,'plugin::upload.configure-view',NULL,'{}','[]','2023-06-04 14:22:27.777000','2023-06-04 14:22:27.777000',NULL,NULL),(28,'plugin::upload.settings.read',NULL,'{}','[]','2023-06-04 14:22:27.785000','2023-06-04 14:22:27.785000',NULL,NULL),(29,'plugin::users-permissions.roles.create',NULL,'{}','[]','2023-06-04 14:22:27.794000','2023-06-04 14:22:27.794000',NULL,NULL),(30,'plugin::users-permissions.roles.read',NULL,'{}','[]','2023-06-04 14:22:27.803000','2023-06-04 14:22:27.803000',NULL,NULL),(31,'plugin::users-permissions.roles.update',NULL,'{}','[]','2023-06-04 14:22:27.813000','2023-06-04 14:22:27.813000',NULL,NULL),(32,'plugin::users-permissions.roles.delete',NULL,'{}','[]','2023-06-04 14:22:27.822000','2023-06-04 14:22:27.822000',NULL,NULL),(33,'plugin::users-permissions.providers.read',NULL,'{}','[]','2023-06-04 14:22:27.831000','2023-06-04 14:22:27.831000',NULL,NULL),(34,'plugin::users-permissions.providers.update',NULL,'{}','[]','2023-06-04 14:22:27.839000','2023-06-04 14:22:27.839000',NULL,NULL),(35,'plugin::users-permissions.email-templates.read',NULL,'{}','[]','2023-06-04 14:22:27.847000','2023-06-04 14:22:27.847000',NULL,NULL),(36,'plugin::users-permissions.email-templates.update',NULL,'{}','[]','2023-06-04 14:22:27.858000','2023-06-04 14:22:27.858000',NULL,NULL),(37,'plugin::users-permissions.advanced-settings.read',NULL,'{}','[]','2023-06-04 14:22:27.868000','2023-06-04 14:22:27.868000',NULL,NULL),(38,'plugin::users-permissions.advanced-settings.update',NULL,'{}','[]','2023-06-04 14:22:27.877000','2023-06-04 14:22:27.877000',NULL,NULL),(39,'plugin::i18n.locale.create',NULL,'{}','[]','2023-06-04 14:22:27.885000','2023-06-04 14:22:27.885000',NULL,NULL),(40,'plugin::i18n.locale.read',NULL,'{}','[]','2023-06-04 14:22:27.895000','2023-06-04 14:22:27.895000',NULL,NULL),(41,'plugin::i18n.locale.update',NULL,'{}','[]','2023-06-04 14:22:27.903000','2023-06-04 14:22:27.903000',NULL,NULL),(42,'plugin::i18n.locale.delete',NULL,'{}','[]','2023-06-04 14:22:27.912000','2023-06-04 14:22:27.912000',NULL,NULL),(43,'admin::marketplace.read',NULL,'{}','[]','2023-06-04 14:22:27.921000','2023-06-04 14:22:27.921000',NULL,NULL),(44,'admin::webhooks.create',NULL,'{}','[]','2023-06-04 14:22:27.930000','2023-06-04 14:22:27.930000',NULL,NULL),(45,'admin::webhooks.read',NULL,'{}','[]','2023-06-04 14:22:27.938000','2023-06-04 14:22:27.938000',NULL,NULL),(46,'admin::webhooks.update',NULL,'{}','[]','2023-06-04 14:22:27.947000','2023-06-04 14:22:27.947000',NULL,NULL),(47,'admin::webhooks.delete',NULL,'{}','[]','2023-06-04 14:22:27.955000','2023-06-04 14:22:27.955000',NULL,NULL),(48,'admin::users.create',NULL,'{}','[]','2023-06-04 14:22:27.965000','2023-06-04 14:22:27.965000',NULL,NULL),(49,'admin::users.read',NULL,'{}','[]','2023-06-04 14:22:27.981000','2023-06-04 14:22:27.981000',NULL,NULL),(50,'admin::users.update',NULL,'{}','[]','2023-06-04 14:22:27.990000','2023-06-04 14:22:27.990000',NULL,NULL),(51,'admin::users.delete',NULL,'{}','[]','2023-06-04 14:22:27.998000','2023-06-04 14:22:27.998000',NULL,NULL),(52,'admin::roles.create',NULL,'{}','[]','2023-06-04 14:22:28.007000','2023-06-04 14:22:28.007000',NULL,NULL),(53,'admin::roles.read',NULL,'{}','[]','2023-06-04 14:22:28.017000','2023-06-04 14:22:28.017000',NULL,NULL),(54,'admin::roles.update',NULL,'{}','[]','2023-06-04 14:22:28.025000','2023-06-04 14:22:28.025000',NULL,NULL),(55,'admin::roles.delete',NULL,'{}','[]','2023-06-04 14:22:28.034000','2023-06-04 14:22:28.034000',NULL,NULL),(56,'admin::api-tokens.access',NULL,'{}','[]','2023-06-04 14:22:28.044000','2023-06-04 14:22:28.044000',NULL,NULL),(57,'admin::api-tokens.create',NULL,'{}','[]','2023-06-04 14:22:28.053000','2023-06-04 14:22:28.053000',NULL,NULL),(58,'admin::api-tokens.read',NULL,'{}','[]','2023-06-04 14:22:28.061000','2023-06-04 14:22:28.061000',NULL,NULL),(59,'admin::api-tokens.update',NULL,'{}','[]','2023-06-04 14:22:28.070000','2023-06-04 14:22:28.070000',NULL,NULL),(60,'admin::api-tokens.regenerate',NULL,'{}','[]','2023-06-04 14:22:28.079000','2023-06-04 14:22:28.079000',NULL,NULL),(61,'admin::api-tokens.delete',NULL,'{}','[]','2023-06-04 14:22:28.087000','2023-06-04 14:22:28.087000',NULL,NULL),(62,'admin::project-settings.update',NULL,'{}','[]','2023-06-04 14:22:28.095000','2023-06-04 14:22:28.095000',NULL,NULL),(63,'admin::project-settings.read',NULL,'{}','[]','2023-06-04 14:22:28.104000','2023-06-04 14:22:28.104000',NULL,NULL),(64,'admin::transfer.tokens.access',NULL,'{}','[]','2023-06-04 14:22:28.119000','2023-06-04 14:22:28.119000',NULL,NULL),(65,'admin::transfer.tokens.create',NULL,'{}','[]','2023-06-04 14:22:28.128000','2023-06-04 14:22:28.128000',NULL,NULL),(66,'admin::transfer.tokens.read',NULL,'{}','[]','2023-06-04 14:22:28.136000','2023-06-04 14:22:28.136000',NULL,NULL),(67,'admin::transfer.tokens.update',NULL,'{}','[]','2023-06-04 14:22:28.145000','2023-06-04 14:22:28.145000',NULL,NULL),(68,'admin::transfer.tokens.regenerate',NULL,'{}','[]','2023-06-04 14:22:28.154000','2023-06-04 14:22:28.154000',NULL,NULL),(69,'admin::transfer.tokens.delete',NULL,'{}','[]','2023-06-04 14:22:28.163000','2023-06-04 14:22:28.163000',NULL,NULL),(70,'plugin::content-manager.explorer.create','api::category.category','{\"fields\": [\"name\", \"slug\", \"icon\"]}','[]','2023-06-04 14:25:40.889000','2023-06-04 14:25:40.889000',NULL,NULL),(71,'plugin::content-manager.explorer.read','api::category.category','{\"fields\": [\"name\", \"slug\", \"icon\"]}','[]','2023-06-04 14:25:40.900000','2023-06-04 14:25:40.900000',NULL,NULL),(72,'plugin::content-manager.explorer.update','api::category.category','{\"fields\": [\"name\", \"slug\", \"icon\"]}','[]','2023-06-04 14:25:40.908000','2023-06-04 14:25:40.908000',NULL,NULL),(73,'plugin::content-manager.explorer.delete','api::category.category','{}','[]','2023-06-04 14:25:40.919000','2023-06-04 14:25:40.919000',NULL,NULL),(78,'plugin::content-manager.explorer.delete','api::post.post','{}','[]','2023-06-04 14:29:38.323000','2023-06-04 14:29:38.323000',NULL,NULL),(79,'plugin::content-manager.explorer.publish','api::post.post','{}','[]','2023-06-04 14:29:38.335000','2023-06-04 14:29:38.335000',NULL,NULL),(93,'plugin::content-manager.explorer.create','api::taxonomy.taxonomy','{\"fields\": [\"name\", \"slug\", \"posts\"]}','[]','2023-06-05 11:10:58.091000','2023-06-05 11:10:58.091000',NULL,NULL),(95,'plugin::content-manager.explorer.read','api::taxonomy.taxonomy','{\"fields\": [\"name\", \"slug\", \"posts\"]}','[]','2023-06-05 11:10:58.110000','2023-06-05 11:10:58.110000',NULL,NULL),(97,'plugin::content-manager.explorer.update','api::taxonomy.taxonomy','{\"fields\": [\"name\", \"slug\", \"posts\"]}','[]','2023-06-05 11:10:58.130000','2023-06-05 11:10:58.130000',NULL,NULL),(98,'plugin::content-manager.explorer.delete','api::taxonomy.taxonomy','{}','[]','2023-06-05 11:10:58.142000','2023-06-05 11:10:58.142000',NULL,NULL),(99,'plugin::content-manager.explorer.create','api::social.social','{\"fields\": [\"title\", \"icon\", \"url\"]}','[]','2023-06-05 11:19:59.410000','2023-06-05 11:19:59.410000',NULL,NULL),(100,'plugin::content-manager.explorer.read','api::social.social','{\"fields\": [\"title\", \"icon\", \"url\"]}','[]','2023-06-05 11:19:59.425000','2023-06-05 11:19:59.425000',NULL,NULL),(101,'plugin::content-manager.explorer.update','api::social.social','{\"fields\": [\"title\", \"icon\", \"url\"]}','[]','2023-06-05 11:19:59.439000','2023-06-05 11:19:59.439000',NULL,NULL),(102,'plugin::content-manager.explorer.delete','api::social.social','{}','[]','2023-06-05 11:19:59.454000','2023-06-05 11:19:59.454000',NULL,NULL),(104,'plugin::content-manager.explorer.create','api::setting.setting','{\"fields\": [\"about\", \"footer_text\", \"copywrite_text\", \"site_title\", \"site_subtitle\", \"site_description\", \"header_image\", \"about_image\", \"is_dark_default\", \"logo\"]}','[]','2023-06-05 11:47:19.123000','2023-06-05 11:47:19.123000',NULL,NULL),(105,'plugin::content-manager.explorer.read','api::setting.setting','{\"fields\": [\"about\", \"footer_text\", \"copywrite_text\", \"site_title\", \"site_subtitle\", \"site_description\", \"header_image\", \"about_image\", \"is_dark_default\", \"logo\"]}','[]','2023-06-05 11:47:19.134000','2023-06-05 11:47:19.134000',NULL,NULL),(106,'plugin::content-manager.explorer.update','api::setting.setting','{\"fields\": [\"about\", \"footer_text\", \"copywrite_text\", \"site_title\", \"site_subtitle\", \"site_description\", \"header_image\", \"about_image\", \"is_dark_default\", \"logo\"]}','[]','2023-06-05 11:47:19.144000','2023-06-05 11:47:19.144000',NULL,NULL),(107,'plugin::content-manager.explorer.delete','api::setting.setting','{}','[]','2023-06-05 11:47:19.156000','2023-06-05 11:47:19.156000',NULL,NULL),(108,'plugin::content-manager.explorer.create','api::contact.contact','{\"fields\": [\"icon\", \"title\", \"url\", \"is_social\"]}','[]','2023-06-05 11:51:53.343000','2023-06-05 11:51:53.343000',NULL,NULL),(109,'plugin::content-manager.explorer.read','api::contact.contact','{\"fields\": [\"icon\", \"title\", \"url\", \"is_social\"]}','[]','2023-06-05 11:51:53.355000','2023-06-05 11:51:53.355000',NULL,NULL),(110,'plugin::content-manager.explorer.update','api::contact.contact','{\"fields\": [\"icon\", \"title\", \"url\", \"is_social\"]}','[]','2023-06-05 11:51:53.366000','2023-06-05 11:51:53.366000',NULL,NULL),(111,'plugin::content-manager.explorer.delete','api::contact.contact','{}','[]','2023-06-05 11:51:53.376000','2023-06-05 11:51:53.376000',NULL,NULL),(112,'plugin::content-manager.explorer.create','api::message.message','{\"fields\": [\"name\", \"mail\", \"phone\", \"text\", \"title\"]}','[]','2023-06-05 15:17:48.809000','2023-06-05 15:17:48.809000',NULL,NULL),(113,'plugin::content-manager.explorer.read','api::message.message','{\"fields\": [\"name\", \"mail\", \"phone\", \"text\", \"title\"]}','[]','2023-06-05 15:17:48.822000','2023-06-05 15:17:48.822000',NULL,NULL),(114,'plugin::content-manager.explorer.update','api::message.message','{\"fields\": [\"name\", \"mail\", \"phone\", \"text\", \"title\"]}','[]','2023-06-05 15:17:48.861000','2023-06-05 15:17:48.861000',NULL,NULL),(115,'plugin::content-manager.explorer.delete','api::message.message','{}','[]','2023-06-05 15:17:48.880000','2023-06-05 15:17:48.880000',NULL,NULL),(119,'plugin::content-manager.explorer.create','plugin::users-permissions.user','{\"fields\": [\"username\", \"email\", \"provider\", \"password\", \"resetPasswordToken\", \"confirmationToken\", \"confirmed\", \"blocked\", \"role\", \"fullname\", \"posts\"]}','[]','2023-06-08 13:10:14.884000','2023-06-08 13:10:14.884000',NULL,NULL),(121,'plugin::content-manager.explorer.read','plugin::users-permissions.user','{\"fields\": [\"username\", \"email\", \"provider\", \"password\", \"resetPasswordToken\", \"confirmationToken\", \"confirmed\", \"blocked\", \"role\", \"fullname\", \"posts\"]}','[]','2023-06-08 13:10:14.904000','2023-06-08 13:10:14.904000',NULL,NULL),(123,'plugin::content-manager.explorer.update','plugin::users-permissions.user','{\"fields\": [\"username\", \"email\", \"provider\", \"password\", \"resetPasswordToken\", \"confirmationToken\", \"confirmed\", \"blocked\", \"role\", \"fullname\", \"posts\"]}','[]','2023-06-08 13:10:14.942000','2023-06-08 13:10:14.942000',NULL,NULL),(128,'plugin::content-manager.explorer.create','api::post.post','{\"fields\": [\"title\", \"slug\", \"content\", \"feature_image\", \"media\", \"read_count\", \"category\", \"reference\", \"taxonomies\", \"user\", \"is_featured\"]}','[]','2023-06-11 11:35:46.905000','2023-06-11 11:35:46.905000',NULL,NULL),(129,'plugin::content-manager.explorer.read','api::post.post','{\"fields\": [\"title\", \"slug\", \"content\", \"feature_image\", \"media\", \"read_count\", \"category\", \"reference\", \"taxonomies\", \"user\", \"is_featured\"]}','[]','2023-06-11 11:35:46.923000','2023-06-11 11:35:46.923000',NULL,NULL),(130,'plugin::content-manager.explorer.update','api::post.post','{\"fields\": [\"title\", \"slug\", \"content\", \"feature_image\", \"media\", \"read_count\", \"category\", \"reference\", \"taxonomies\", \"user\", \"is_featured\"]}','[]','2023-06-11 11:35:46.935000','2023-06-11 11:35:46.935000',NULL,NULL);
/*!40000 ALTER TABLE `admin_permissions` ENABLE KEYS */;
UNLOCK TABLES;

--
-- Table structure for table `admin_permissions_role_links`
--

DROP TABLE IF EXISTS `admin_permissions_role_links`;
/*!40101 SET @saved_cs_client     = @@character_set_client */;
/*!50503 SET character_set_client = utf8mb4 */;
CREATE TABLE `admin_permissions_role_links` (
  `id` int unsigned NOT NULL AUTO_INCREMENT,
  `permission_id` int unsigned DEFAULT NULL,
  `role_id` int unsigned DEFAULT NULL,
  `permission_order` double unsigned DEFAULT NULL,
  PRIMARY KEY (`id`),
  UNIQUE KEY `admin_permissions_role_links_unique` (`permission_id`,`role_id`),
  KEY `admin_permissions_role_links_fk` (`permission_id`),
  KEY `admin_permissions_role_links_inv_fk` (`role_id`),
  KEY `admin_permissions_role_links_order_inv_fk` (`permission_order`),
  CONSTRAINT `admin_permissions_role_links_fk` FOREIGN KEY (`permission_id`) REFERENCES `admin_permissions` (`id`) ON DELETE CASCADE,
  CONSTRAINT `admin_permissions_role_links_inv_fk` FOREIGN KEY (`role_id`) REFERENCES `admin_roles` (`id`) ON DELETE CASCADE
) ENGINE=InnoDB AUTO_INCREMENT=131 DEFAULT CHARSET=utf8mb4 COLLATE=utf8mb4_0900_ai_ci;
/*!40101 SET character_set_client = @saved_cs_client */;

--
-- Dumping data for table `admin_permissions_role_links`
--

LOCK TABLES `admin_permissions_role_links` WRITE;
/*!40000 ALTER TABLE `admin_permissions_role_links` DISABLE KEYS */;
INSERT INTO `admin_permissions_role_links` VALUES (1,1,2,1),(2,2,2,2),(3,3,2,3),(4,4,2,4),(5,5,2,5),(6,6,2,6),(7,7,3,1),(8,8,3,2),(9,9,3,3),(10,10,3,4),(11,11,3,5),(12,12,3,6),(16,16,1,4),(17,17,1,5),(18,18,1,6),(19,19,1,7),(20,20,1,8),(21,21,1,9),(22,22,1,10),(23,23,1,11),(24,24,1,12),(25,25,1,13),(26,26,1,14),(27,27,1,15),(28,28,1,16),(29,29,1,17),(30,30,1,18),(31,31,1,19),(32,32,1,20),(33,33,1,21),(34,34,1,22),(35,35,1,23),(36,36,1,24),(37,37,1,25),(38,38,1,26),(39,39,1,27),(40,40,1,28),(41,41,1,29),(42,42,1,30),(43,43,1,31),(44,44,1,32),(45,45,1,33),(46,46,1,34),(47,47,1,35),(48,48,1,36),(49,49,1,37),(50,50,1,38),(51,51,1,39),(52,52,1,40),(53,53,1,41),(54,54,1,42),(55,55,1,43),(56,56,1,44),(57,57,1,45),(58,58,1,46),(59,59,1,47),(60,60,1,48),(61,61,1,49),(62,62,1,50),(63,63,1,51),(64,64,1,52),(65,65,1,53),(66,66,1,54),(67,67,1,55),(68,68,1,56),(69,69,1,57),(70,70,1,58),(71,71,1,59),(72,72,1,60),(73,73,1,61),(78,78,1,66),(79,79,1,67),(93,93,1,69),(95,95,1,71),(97,97,1,73),(98,98,1,74),(99,99,1,75),(100,100,1,76),(101,101,1,77),(102,102,1,78),(104,104,1,79),(105,105,1,80),(106,106,1,81),(107,107,1,82),(108,108,1,83),(109,109,1,84),(110,110,1,85),(111,111,1,86),(112,112,1,87),(113,113,1,88),(114,114,1,89),(115,115,1,90),(119,119,1,91),(121,121,1,93),(123,123,1,95),(128,128,1,96),(129,129,1,97),(130,130,1,98);
/*!40000 ALTER TABLE `admin_permissions_role_links` ENABLE KEYS */;
UNLOCK TABLES;

--
-- Table structure for table `admin_roles`
--

DROP TABLE IF EXISTS `admin_roles`;
/*!40101 SET @saved_cs_client     = @@character_set_client */;
/*!50503 SET character_set_client = utf8mb4 */;
CREATE TABLE `admin_roles` (
  `id` int unsigned NOT NULL AUTO_INCREMENT,
  `name` varchar(255) DEFAULT NULL,
  `code` varchar(255) DEFAULT NULL,
  `description` varchar(255) DEFAULT NULL,
  `created_at` datetime(6) DEFAULT NULL,
  `updated_at` datetime(6) DEFAULT NULL,
  `created_by_id` int unsigned DEFAULT NULL,
  `updated_by_id` int unsigned DEFAULT NULL,
  PRIMARY KEY (`id`),
  KEY `admin_roles_created_by_id_fk` (`created_by_id`),
  KEY `admin_roles_updated_by_id_fk` (`updated_by_id`),
  CONSTRAINT `admin_roles_created_by_id_fk` FOREIGN KEY (`created_by_id`) REFERENCES `admin_users` (`id`) ON DELETE SET NULL,
  CONSTRAINT `admin_roles_updated_by_id_fk` FOREIGN KEY (`updated_by_id`) REFERENCES `admin_users` (`id`) ON DELETE SET NULL
) ENGINE=InnoDB AUTO_INCREMENT=4 DEFAULT CHARSET=utf8mb4 COLLATE=utf8mb4_0900_ai_ci;
/*!40101 SET character_set_client = @saved_cs_client */;

--
-- Dumping data for table `admin_roles`
--

LOCK TABLES `admin_roles` WRITE;
/*!40000 ALTER TABLE `admin_roles` DISABLE KEYS */;
INSERT INTO `admin_roles` VALUES (1,'Super Admin','strapi-super-admin','Super Admins can access and manage all features and settings.','2023-06-04 14:22:27.491000','2023-06-04 14:22:27.491000',NULL,NULL),(2,'Editor','strapi-editor','Editors can manage and publish contents including those of other users.','2023-06-04 14:22:27.499000','2023-06-04 14:22:27.499000',NULL,NULL),(3,'Author','strapi-author','Authors can manage the content they have created.','2023-06-04 14:22:27.505000','2023-06-04 14:22:27.505000',NULL,NULL);
/*!40000 ALTER TABLE `admin_roles` ENABLE KEYS */;
UNLOCK TABLES;

--
-- Table structure for table `admin_users`
--

DROP TABLE IF EXISTS `admin_users`;
/*!40101 SET @saved_cs_client     = @@character_set_client */;
/*!50503 SET character_set_client = utf8mb4 */;
CREATE TABLE `admin_users` (
  `id` int unsigned NOT NULL AUTO_INCREMENT,
  `firstname` varchar(255) DEFAULT NULL,
  `lastname` varchar(255) DEFAULT NULL,
  `username` varchar(255) DEFAULT NULL,
  `email` varchar(255) DEFAULT NULL,
  `password` varchar(255) DEFAULT NULL,
  `reset_password_token` varchar(255) DEFAULT NULL,
  `registration_token` varchar(255) DEFAULT NULL,
  `is_active` tinyint(1) DEFAULT NULL,
  `blocked` tinyint(1) DEFAULT NULL,
  `prefered_language` varchar(255) DEFAULT NULL,
  `created_at` datetime(6) DEFAULT NULL,
  `updated_at` datetime(6) DEFAULT NULL,
  `created_by_id` int unsigned DEFAULT NULL,
  `updated_by_id` int unsigned DEFAULT NULL,
  PRIMARY KEY (`id`),
  KEY `admin_users_created_by_id_fk` (`created_by_id`),
  KEY `admin_users_updated_by_id_fk` (`updated_by_id`),
  CONSTRAINT `admin_users_created_by_id_fk` FOREIGN KEY (`created_by_id`) REFERENCES `admin_users` (`id`) ON DELETE SET NULL,
  CONSTRAINT `admin_users_updated_by_id_fk` FOREIGN KEY (`updated_by_id`) REFERENCES `admin_users` (`id`) ON DELETE SET NULL
) ENGINE=InnoDB AUTO_INCREMENT=2 DEFAULT CHARSET=utf8mb4 COLLATE=utf8mb4_0900_ai_ci;
/*!40101 SET character_set_client = @saved_cs_client */;

--
-- Dumping data for table `admin_users`
--

LOCK TABLES `admin_users` WRITE;
/*!40000 ALTER TABLE `admin_users` DISABLE KEYS */;
INSERT INTO `admin_users` VALUES (1,'Mayas','Faraj',NULL,'uniqueprogrammer@hotmail.com','$2a$10$RfY9ER0bh3US8yMUrpKy3uNBfGFogxyiMhaQqCefThn8uaNjqWFje',NULL,NULL,1,0,NULL,'2023-06-04 14:23:12.309000','2023-06-04 14:23:12.309000',NULL,NULL);
/*!40000 ALTER TABLE `admin_users` ENABLE KEYS */;
UNLOCK TABLES;

--
-- Table structure for table `admin_users_roles_links`
--

DROP TABLE IF EXISTS `admin_users_roles_links`;
/*!40101 SET @saved_cs_client     = @@character_set_client */;
/*!50503 SET character_set_client = utf8mb4 */;
CREATE TABLE `admin_users_roles_links` (
  `id` int unsigned NOT NULL AUTO_INCREMENT,
  `user_id` int unsigned DEFAULT NULL,
  `role_id` int unsigned DEFAULT NULL,
  `role_order` double unsigned DEFAULT NULL,
  `user_order` double unsigned DEFAULT NULL,
  PRIMARY KEY (`id`),
  UNIQUE KEY `admin_users_roles_links_unique` (`user_id`,`role_id`),
  KEY `admin_users_roles_links_fk` (`user_id`),
  KEY `admin_users_roles_links_inv_fk` (`role_id`),
  KEY `admin_users_roles_links_order_fk` (`role_order`),
  KEY `admin_users_roles_links_order_inv_fk` (`user_order`),
  CONSTRAINT `admin_users_roles_links_fk` FOREIGN KEY (`user_id`) REFERENCES `admin_users` (`id`) ON DELETE CASCADE,
  CONSTRAINT `admin_users_roles_links_inv_fk` FOREIGN KEY (`role_id`) REFERENCES `admin_roles` (`id`) ON DELETE CASCADE
) ENGINE=InnoDB AUTO_INCREMENT=2 DEFAULT CHARSET=utf8mb4 COLLATE=utf8mb4_0900_ai_ci;
/*!40101 SET character_set_client = @saved_cs_client */;

--
-- Dumping data for table `admin_users_roles_links`
--

LOCK TABLES `admin_users_roles_links` WRITE;
/*!40000 ALTER TABLE `admin_users_roles_links` DISABLE KEYS */;
INSERT INTO `admin_users_roles_links` VALUES (1,1,1,1,1);
/*!40000 ALTER TABLE `admin_users_roles_links` ENABLE KEYS */;
UNLOCK TABLES;

--
-- Table structure for table `categories`
--

DROP TABLE IF EXISTS `categories`;
/*!40101 SET @saved_cs_client     = @@character_set_client */;
/*!50503 SET character_set_client = utf8mb4 */;
CREATE TABLE `categories` (
  `id` int unsigned NOT NULL AUTO_INCREMENT,
  `name` varchar(255) DEFAULT NULL,
  `slug` varchar(255) DEFAULT NULL,
  `icon` varchar(255) DEFAULT NULL,
  `created_at` datetime(6) DEFAULT NULL,
  `updated_at` datetime(6) DEFAULT NULL,
  `created_by_id` int unsigned DEFAULT NULL,
  `updated_by_id` int unsigned DEFAULT NULL,
  PRIMARY KEY (`id`),
  UNIQUE KEY `categories_slug_unique` (`slug`),
  KEY `categories_created_by_id_fk` (`created_by_id`),
  KEY `categories_updated_by_id_fk` (`updated_by_id`),
  CONSTRAINT `categories_created_by_id_fk` FOREIGN KEY (`created_by_id`) REFERENCES `admin_users` (`id`) ON DELETE SET NULL,
  CONSTRAINT `categories_updated_by_id_fk` FOREIGN KEY (`updated_by_id`) REFERENCES `admin_users` (`id`) ON DELETE SET NULL
) ENGINE=InnoDB AUTO_INCREMENT=9 DEFAULT CHARSET=utf8mb4 COLLATE=utf8mb4_0900_ai_ci;
/*!40101 SET character_set_client = @saved_cs_client */;

--
-- Dumping data for table `categories`
--

LOCK TABLES `categories` WRITE;
/*!40000 ALTER TABLE `categories` DISABLE KEYS */;
INSERT INTO `categories` VALUES (5,'سياسة','politic','AccountBalance','2023-06-04 14:40:09.851000','2023-06-04 14:40:09.851000',1,1),(6,'اقتصاد','economy','Store','2023-06-04 14:40:41.102000','2023-06-04 14:40:41.102000',1,1),(7,'علوم','science','Biotech','2023-06-04 14:41:01.352000','2023-06-04 14:41:01.352000',1,1),(8,'ثقافة','info','AutoStories','2023-06-04 14:41:48.392000','2023-06-04 14:41:48.392000',1,1);
/*!40000 ALTER TABLE `categories` ENABLE KEYS */;
UNLOCK TABLES;

--
-- Table structure for table `contacts`
--

DROP TABLE IF EXISTS `contacts`;
/*!40101 SET @saved_cs_client     = @@character_set_client */;
/*!50503 SET character_set_client = utf8mb4 */;
CREATE TABLE `contacts` (
  `id` int unsigned NOT NULL AUTO_INCREMENT,
  `icon` varchar(255) DEFAULT NULL,
  `title` varchar(255) DEFAULT NULL,
  `url` longtext,
  `is_social` tinyint(1) DEFAULT NULL,
  `created_at` datetime(6) DEFAULT NULL,
  `updated_at` datetime(6) DEFAULT NULL,
  `created_by_id` int unsigned DEFAULT NULL,
  `updated_by_id` int unsigned DEFAULT NULL,
  PRIMARY KEY (`id`),
  KEY `contacts_created_by_id_fk` (`created_by_id`),
  KEY `contacts_updated_by_id_fk` (`updated_by_id`),
  CONSTRAINT `contacts_created_by_id_fk` FOREIGN KEY (`created_by_id`) REFERENCES `admin_users` (`id`) ON DELETE SET NULL,
  CONSTRAINT `contacts_updated_by_id_fk` FOREIGN KEY (`updated_by_id`) REFERENCES `admin_users` (`id`) ON DELETE SET NULL
) ENGINE=InnoDB AUTO_INCREMENT=9 DEFAULT CHARSET=utf8mb4 COLLATE=utf8mb4_0900_ai_ci;
/*!40101 SET character_set_client = @saved_cs_client */;

--
-- Dumping data for table `contacts`
--

LOCK TABLES `contacts` WRITE;
/*!40000 ALTER TABLE `contacts` DISABLE KEYS */;
INSERT INTO `contacts` VALUES (1,'Facebook','صفحتنا على فيسبوك','https://www.facebook.com/',1,'2023-06-05 11:53:00.787000','2023-06-05 11:53:00.787000',1,1),(2,'Twitter','تابعنا على تويتر','https://www.twitter.com/',1,'2023-06-05 11:53:29.323000','2023-06-05 11:53:29.323000',1,1),(3,'LinkedIn','منصة لينكدان','https://www.linkedin.com',1,'2023-06-05 11:54:05.693000','2023-06-05 11:54:05.693000',1,1),(4,'YouTube','قناتنا على يوتيوب','https://www.youtube.com/',1,'2023-06-05 11:54:34.756000','2023-06-05 11:54:34.756000',1,1),(5,'Instagram','تابعنا على أنستاغرام','https://www.instagram.com/',1,'2023-06-05 11:55:15.687000','2023-06-05 11:55:15.687000',1,1),(6,'Email','البريد الإلكتروني','mailto://test@website.com',0,'2023-06-05 11:56:03.955000','2023-06-05 11:58:53.174000',1,1),(7,'Call','اتصل بنا','tel:+9639112233',0,'2023-06-05 11:56:30.796000','2023-06-05 11:56:30.796000',1,1),(8,'LocationOn','العنوان','https://goo.gl/maps/59wrMx2cAi75upHQ8',0,'2023-06-05 11:58:34.023000','2023-06-05 11:58:34.023000',1,1);
/*!40000 ALTER TABLE `contacts` ENABLE KEYS */;
UNLOCK TABLES;

--
-- Table structure for table `files`
--

DROP TABLE IF EXISTS `files`;
/*!40101 SET @saved_cs_client     = @@character_set_client */;
/*!50503 SET character_set_client = utf8mb4 */;
CREATE TABLE `files` (
  `id` int unsigned NOT NULL AUTO_INCREMENT,
  `name` varchar(255) DEFAULT NULL,
  `alternative_text` varchar(255) DEFAULT NULL,
  `caption` varchar(255) DEFAULT NULL,
  `width` int DEFAULT NULL,
  `height` int DEFAULT NULL,
  `formats` json DEFAULT NULL,
  `hash` varchar(255) DEFAULT NULL,
  `ext` varchar(255) DEFAULT NULL,
  `mime` varchar(255) DEFAULT NULL,
  `size` decimal(10,2) DEFAULT NULL,
  `url` varchar(255) DEFAULT NULL,
  `preview_url` varchar(255) DEFAULT NULL,
  `provider` varchar(255) DEFAULT NULL,
  `provider_metadata` json DEFAULT NULL,
  `folder_path` varchar(255) DEFAULT NULL,
  `created_at` datetime(6) DEFAULT NULL,
  `updated_at` datetime(6) DEFAULT NULL,
  `created_by_id` int unsigned DEFAULT NULL,
  `updated_by_id` int unsigned DEFAULT NULL,
  PRIMARY KEY (`id`),
  KEY `upload_files_folder_path_index` (`folder_path`),
  KEY `upload_files_created_at_index` (`created_at`),
  KEY `upload_files_updated_at_index` (`updated_at`),
  KEY `upload_files_name_index` (`name`),
  KEY `upload_files_size_index` (`size`),
  KEY `upload_files_ext_index` (`ext`),
  KEY `files_created_by_id_fk` (`created_by_id`),
  KEY `files_updated_by_id_fk` (`updated_by_id`),
  CONSTRAINT `files_created_by_id_fk` FOREIGN KEY (`created_by_id`) REFERENCES `admin_users` (`id`) ON DELETE SET NULL,
  CONSTRAINT `files_updated_by_id_fk` FOREIGN KEY (`updated_by_id`) REFERENCES `admin_users` (`id`) ON DELETE SET NULL
) ENGINE=InnoDB AUTO_INCREMENT=28 DEFAULT CHARSET=utf8mb4 COLLATE=utf8mb4_0900_ai_ci;
/*!40101 SET character_set_client = @saved_cs_client */;

--
-- Dumping data for table `files`
--

LOCK TABLES `files` WRITE;
/*!40000 ALTER TABLE `files` DISABLE KEYS */;
INSERT INTO `files` VALUES (1,'img1.webp','سلام بين ترامب وكيم',NULL,1350,900,'{\"large\": {\"ext\": \".webp\", \"url\": \"/uploads/large_img1_ebf6532225.webp\", \"hash\": \"large_img1_ebf6532225\", \"mime\": \"image/webp\", \"name\": \"large_img1.webp\", \"path\": null, \"size\": 46.42, \"width\": 1000, \"height\": 667}, \"small\": {\"ext\": \".webp\", \"url\": \"/uploads/small_img1_ebf6532225.webp\", \"hash\": \"small_img1_ebf6532225\", \"mime\": \"image/webp\", \"name\": \"small_img1.webp\", \"path\": null, \"size\": 22.25, \"width\": 500, \"height\": 333}, \"medium\": {\"ext\": \".webp\", \"url\": \"/uploads/medium_img1_ebf6532225.webp\", \"hash\": \"medium_img1_ebf6532225\", \"mime\": \"image/webp\", \"name\": \"medium_img1.webp\", \"path\": null, \"size\": 34.62, \"width\": 750, \"height\": 500}, \"thumbnail\": {\"ext\": \".webp\", \"url\": \"/uploads/thumbnail_img1_ebf6532225.webp\", \"hash\": \"thumbnail_img1_ebf6532225\", \"mime\": \"image/webp\", \"name\": \"thumbnail_img1.webp\", \"path\": null, \"size\": 8.7, \"width\": 234, \"height\": 156}}','img1_ebf6532225','.webp','image/webp',68.05,'/uploads/img1_ebf6532225.webp',NULL,'local',NULL,'/','2023-06-04 14:46:42.272000','2023-06-12 14:19:31.875000',1,1),(2,'1062887486_0 320 3073 2048_1280x0_80_0_0_88ad3a960ebc4b6588d158c937679bed.jpg','قوات صهاينة',NULL,1280,720,'{\"large\": {\"ext\": \".jpg\", \"url\": \"/uploads/large_1062887486_0_320_3073_2048_1280x0_80_0_0_88ad3a960ebc4b6588d158c937679bed_bb4dc74426.jpg\", \"hash\": \"large_1062887486_0_320_3073_2048_1280x0_80_0_0_88ad3a960ebc4b6588d158c937679bed_bb4dc74426\", \"mime\": \"image/jpeg\", \"name\": \"large_1062887486_0 320 3073 2048_1280x0_80_0_0_88ad3a960ebc4b6588d158c937679bed.jpg\", \"path\": null, \"size\": 85.39, \"width\": 1000, \"height\": 563}, \"small\": {\"ext\": \".jpg\", \"url\": \"/uploads/small_1062887486_0_320_3073_2048_1280x0_80_0_0_88ad3a960ebc4b6588d158c937679bed_bb4dc74426.jpg\", \"hash\": \"small_1062887486_0_320_3073_2048_1280x0_80_0_0_88ad3a960ebc4b6588d158c937679bed_bb4dc74426\", \"mime\": \"image/jpeg\", \"name\": \"small_1062887486_0 320 3073 2048_1280x0_80_0_0_88ad3a960ebc4b6588d158c937679bed.jpg\", \"path\": null, \"size\": 27.84, \"width\": 500, \"height\": 281}, \"medium\": {\"ext\": \".jpg\", \"url\": \"/uploads/medium_1062887486_0_320_3073_2048_1280x0_80_0_0_88ad3a960ebc4b6588d158c937679bed_bb4dc74426.jpg\", \"hash\": \"medium_1062887486_0_320_3073_2048_1280x0_80_0_0_88ad3a960ebc4b6588d158c937679bed_bb4dc74426\", \"mime\": \"image/jpeg\", \"name\": \"medium_1062887486_0 320 3073 2048_1280x0_80_0_0_88ad3a960ebc4b6588d158c937679bed.jpg\", \"path\": null, \"size\": 53.49, \"width\": 750, \"height\": 422}, \"thumbnail\": {\"ext\": \".jpg\", \"url\": \"/uploads/thumbnail_1062887486_0_320_3073_2048_1280x0_80_0_0_88ad3a960ebc4b6588d158c937679bed_bb4dc74426.jpg\", \"hash\": \"thumbnail_1062887486_0_320_3073_2048_1280x0_80_0_0_88ad3a960ebc4b6588d158c937679bed_bb4dc74426\", \"mime\": \"image/jpeg\", \"name\": \"thumbnail_1062887486_0 320 3073 2048_1280x0_80_0_0_88ad3a960ebc4b6588d158c937679bed.jpg\", \"path\": null, \"size\": 8.84, \"width\": 245, \"height\": 138}}','1062887486_0_320_3073_2048_1280x0_80_0_0_88ad3a960ebc4b6588d158c937679bed_bb4dc74426','.jpg','image/jpeg',124.85,'/uploads/1062887486_0_320_3073_2048_1280x0_80_0_0_88ad3a960ebc4b6588d158c937679bed_bb4dc74426.jpg',NULL,'local',NULL,'/','2023-06-04 14:57:10.639000','2023-06-12 14:22:07.222000',1,1),(3,'1075739169_0 0 3078 1231_1280x0_80_0_0_38649edc44714dbe0c72eb0f47e4ba5e.jpg','جندي صهيوني',NULL,1280,511,'{\"large\": {\"ext\": \".jpg\", \"url\": \"/uploads/large_1075739169_0_0_3078_1231_1280x0_80_0_0_38649edc44714dbe0c72eb0f47e4ba5e_8770edc7d1.jpg\", \"hash\": \"large_1075739169_0_0_3078_1231_1280x0_80_0_0_38649edc44714dbe0c72eb0f47e4ba5e_8770edc7d1\", \"mime\": \"image/jpeg\", \"name\": \"large_1075739169_0 0 3078 1231_1280x0_80_0_0_38649edc44714dbe0c72eb0f47e4ba5e.jpg\", \"path\": null, \"size\": 134.96, \"width\": 1000, \"height\": 399}, \"small\": {\"ext\": \".jpg\", \"url\": \"/uploads/small_1075739169_0_0_3078_1231_1280x0_80_0_0_38649edc44714dbe0c72eb0f47e4ba5e_8770edc7d1.jpg\", \"hash\": \"small_1075739169_0_0_3078_1231_1280x0_80_0_0_38649edc44714dbe0c72eb0f47e4ba5e_8770edc7d1\", \"mime\": \"image/jpeg\", \"name\": \"small_1075739169_0 0 3078 1231_1280x0_80_0_0_38649edc44714dbe0c72eb0f47e4ba5e.jpg\", \"path\": null, \"size\": 33.6, \"width\": 500, \"height\": 200}, \"medium\": {\"ext\": \".jpg\", \"url\": \"/uploads/medium_1075739169_0_0_3078_1231_1280x0_80_0_0_38649edc44714dbe0c72eb0f47e4ba5e_8770edc7d1.jpg\", \"hash\": \"medium_1075739169_0_0_3078_1231_1280x0_80_0_0_38649edc44714dbe0c72eb0f47e4ba5e_8770edc7d1\", \"mime\": \"image/jpeg\", \"name\": \"medium_1075739169_0 0 3078 1231_1280x0_80_0_0_38649edc44714dbe0c72eb0f47e4ba5e.jpg\", \"path\": null, \"size\": 76.67, \"width\": 750, \"height\": 299}, \"thumbnail\": {\"ext\": \".jpg\", \"url\": \"/uploads/thumbnail_1075739169_0_0_3078_1231_1280x0_80_0_0_38649edc44714dbe0c72eb0f47e4ba5e_8770edc7d1.jpg\", \"hash\": \"thumbnail_1075739169_0_0_3078_1231_1280x0_80_0_0_38649edc44714dbe0c72eb0f47e4ba5e_8770edc7d1\", \"mime\": \"image/jpeg\", \"name\": \"thumbnail_1075739169_0 0 3078 1231_1280x0_80_0_0_38649edc44714dbe0c72eb0f47e4ba5e.jpg\", \"path\": null, \"size\": 8.08, \"width\": 245, \"height\": 97}}','1075739169_0_0_3078_1231_1280x0_80_0_0_38649edc44714dbe0c72eb0f47e4ba5e_8770edc7d1','.jpg','image/jpeg',220.71,'/uploads/1075739169_0_0_3078_1231_1280x0_80_0_0_38649edc44714dbe0c72eb0f47e4ba5e_8770edc7d1.jpg',NULL,'local',NULL,'/','2023-06-04 14:57:10.645000','2023-06-12 14:22:00.617000',1,1),(4,'1076166554_0 160 3072 1888_1280x0_80_0_0_65832956c7319995a33a4c8ba702c083.jpg.webp','المسجد الاقصى',NULL,1280,720,'{\"large\": {\"ext\": \".webp\", \"url\": \"/uploads/large_1076166554_0_160_3072_1888_1280x0_80_0_0_65832956c7319995a33a4c8ba702c083_jpg_f508ce88a7.webp\", \"hash\": \"large_1076166554_0_160_3072_1888_1280x0_80_0_0_65832956c7319995a33a4c8ba702c083_jpg_f508ce88a7\", \"mime\": \"image/webp\", \"name\": \"large_1076166554_0 160 3072 1888_1280x0_80_0_0_65832956c7319995a33a4c8ba702c083.jpg.webp\", \"path\": null, \"size\": 58.23, \"width\": 1000, \"height\": 562}, \"small\": {\"ext\": \".webp\", \"url\": \"/uploads/small_1076166554_0_160_3072_1888_1280x0_80_0_0_65832956c7319995a33a4c8ba702c083_jpg_f508ce88a7.webp\", \"hash\": \"small_1076166554_0_160_3072_1888_1280x0_80_0_0_65832956c7319995a33a4c8ba702c083_jpg_f508ce88a7\", \"mime\": \"image/webp\", \"name\": \"small_1076166554_0 160 3072 1888_1280x0_80_0_0_65832956c7319995a33a4c8ba702c083.jpg.webp\", \"path\": null, \"size\": 20.06, \"width\": 500, \"height\": 281}, \"medium\": {\"ext\": \".webp\", \"url\": \"/uploads/medium_1076166554_0_160_3072_1888_1280x0_80_0_0_65832956c7319995a33a4c8ba702c083_jpg_f508ce88a7.webp\", \"hash\": \"medium_1076166554_0_160_3072_1888_1280x0_80_0_0_65832956c7319995a33a4c8ba702c083_jpg_f508ce88a7\", \"mime\": \"image/webp\", \"name\": \"medium_1076166554_0 160 3072 1888_1280x0_80_0_0_65832956c7319995a33a4c8ba702c083.jpg.webp\", \"path\": null, \"size\": 38.45, \"width\": 750, \"height\": 422}, \"thumbnail\": {\"ext\": \".webp\", \"url\": \"/uploads/thumbnail_1076166554_0_160_3072_1888_1280x0_80_0_0_65832956c7319995a33a4c8ba702c083_jpg_f508ce88a7.webp\", \"hash\": \"thumbnail_1076166554_0_160_3072_1888_1280x0_80_0_0_65832956c7319995a33a4c8ba702c083_jpg_f508ce88a7\", \"mime\": \"image/webp\", \"name\": \"thumbnail_1076166554_0 160 3072 1888_1280x0_80_0_0_65832956c7319995a33a4c8ba702c083.jpg.webp\", \"path\": null, \"size\": 6.31, \"width\": 245, \"height\": 138}}','1076166554_0_160_3072_1888_1280x0_80_0_0_65832956c7319995a33a4c8ba702c083_jpg_f508ce88a7','.webp','image/webp',105.49,'/uploads/1076166554_0_160_3072_1888_1280x0_80_0_0_65832956c7319995a33a4c8ba702c083_jpg_f508ce88a7.webp',NULL,'local',NULL,'/','2023-06-04 14:58:59.908000','2023-06-12 14:21:15.576000',1,1),(5,'1075544030_0 410 3072 1639_1280x0_80_0_0_9b262f77b0cfa787916469ec32e160e8.jpg.webp','جنود صهاينة',NULL,1280,512,'{\"large\": {\"ext\": \".webp\", \"url\": \"/uploads/large_1075544030_0_410_3072_1639_1280x0_80_0_0_9b262f77b0cfa787916469ec32e160e8_jpg_f8aed6ab9b.webp\", \"hash\": \"large_1075544030_0_410_3072_1639_1280x0_80_0_0_9b262f77b0cfa787916469ec32e160e8_jpg_f8aed6ab9b\", \"mime\": \"image/webp\", \"name\": \"large_1075544030_0 410 3072 1639_1280x0_80_0_0_9b262f77b0cfa787916469ec32e160e8.jpg.webp\", \"path\": null, \"size\": 112.03, \"width\": 1000, \"height\": 400}, \"small\": {\"ext\": \".webp\", \"url\": \"/uploads/small_1075544030_0_410_3072_1639_1280x0_80_0_0_9b262f77b0cfa787916469ec32e160e8_jpg_f8aed6ab9b.webp\", \"hash\": \"small_1075544030_0_410_3072_1639_1280x0_80_0_0_9b262f77b0cfa787916469ec32e160e8_jpg_f8aed6ab9b\", \"mime\": \"image/webp\", \"name\": \"small_1075544030_0 410 3072 1639_1280x0_80_0_0_9b262f77b0cfa787916469ec32e160e8.jpg.webp\", \"path\": null, \"size\": 33.04, \"width\": 500, \"height\": 200}, \"medium\": {\"ext\": \".webp\", \"url\": \"/uploads/medium_1075544030_0_410_3072_1639_1280x0_80_0_0_9b262f77b0cfa787916469ec32e160e8_jpg_f8aed6ab9b.webp\", \"hash\": \"medium_1075544030_0_410_3072_1639_1280x0_80_0_0_9b262f77b0cfa787916469ec32e160e8_jpg_f8aed6ab9b\", \"mime\": \"image/webp\", \"name\": \"medium_1075544030_0 410 3072 1639_1280x0_80_0_0_9b262f77b0cfa787916469ec32e160e8.jpg.webp\", \"path\": null, \"size\": 69.25, \"width\": 750, \"height\": 300}, \"thumbnail\": {\"ext\": \".webp\", \"url\": \"/uploads/thumbnail_1075544030_0_410_3072_1639_1280x0_80_0_0_9b262f77b0cfa787916469ec32e160e8_jpg_f8aed6ab9b.webp\", \"hash\": \"thumbnail_1075544030_0_410_3072_1639_1280x0_80_0_0_9b262f77b0cfa787916469ec32e160e8_jpg_f8aed6ab9b\", \"mime\": \"image/webp\", \"name\": \"thumbnail_1075544030_0 410 3072 1639_1280x0_80_0_0_9b262f77b0cfa787916469ec32e160e8.jpg.webp\", \"path\": null, \"size\": 8.75, \"width\": 245, \"height\": 98}}','1075544030_0_410_3072_1639_1280x0_80_0_0_9b262f77b0cfa787916469ec32e160e8_jpg_f8aed6ab9b','.webp','image/webp',201.52,'/uploads/1075544030_0_410_3072_1639_1280x0_80_0_0_9b262f77b0cfa787916469ec32e160e8_jpg_f8aed6ab9b.webp',NULL,'local',NULL,'/','2023-06-04 14:58:59.933000','2023-06-12 14:21:24.642000',1,1),(6,'image.png','عامل يشغل النفط',NULL,1280,512,'{\"large\": {\"ext\": \".png\", \"url\": \"/uploads/large_image_0e7042e6d5.png\", \"hash\": \"large_image_0e7042e6d5\", \"mime\": \"image/png\", \"name\": \"large_image.png\", \"path\": null, \"size\": 937.89, \"width\": 1000, \"height\": 400}, \"small\": {\"ext\": \".png\", \"url\": \"/uploads/small_image_0e7042e6d5.png\", \"hash\": \"small_image_0e7042e6d5\", \"mime\": \"image/png\", \"name\": \"small_image.png\", \"path\": null, \"size\": 254, \"width\": 500, \"height\": 200}, \"medium\": {\"ext\": \".png\", \"url\": \"/uploads/medium_image_0e7042e6d5.png\", \"hash\": \"medium_image_0e7042e6d5\", \"mime\": \"image/png\", \"name\": \"medium_image.png\", \"path\": null, \"size\": 545.97, \"width\": 750, \"height\": 300}, \"thumbnail\": {\"ext\": \".png\", \"url\": \"/uploads/thumbnail_image_0e7042e6d5.png\", \"hash\": \"thumbnail_image_0e7042e6d5\", \"mime\": \"image/png\", \"name\": \"thumbnail_image.png\", \"path\": null, \"size\": 65.54, \"width\": 245, \"height\": 98}}','image_0e7042e6d5','.png','image/png',338.32,'/uploads/image_0e7042e6d5.png',NULL,'local',NULL,'/','2023-06-04 15:00:12.118000','2023-06-12 14:22:31.825000',1,1),(7,'image.png','منظمة اوبك',NULL,1280,720,'{\"large\": {\"ext\": \".png\", \"url\": \"/uploads/large_image_711a51d536.png\", \"hash\": \"large_image_711a51d536\", \"mime\": \"image/png\", \"name\": \"large_image.png\", \"path\": null, \"size\": 1021.74, \"width\": 1000, \"height\": 563}, \"small\": {\"ext\": \".png\", \"url\": \"/uploads/small_image_711a51d536.png\", \"hash\": \"small_image_711a51d536\", \"mime\": \"image/png\", \"name\": \"small_image.png\", \"path\": null, \"size\": 280.24, \"width\": 500, \"height\": 281}, \"medium\": {\"ext\": \".png\", \"url\": \"/uploads/medium_image_711a51d536.png\", \"hash\": \"medium_image_711a51d536\", \"mime\": \"image/png\", \"name\": \"medium_image.png\", \"path\": null, \"size\": 595.28, \"width\": 750, \"height\": 422}, \"thumbnail\": {\"ext\": \".png\", \"url\": \"/uploads/thumbnail_image_711a51d536.png\", \"hash\": \"thumbnail_image_711a51d536\", \"mime\": \"image/png\", \"name\": \"thumbnail_image.png\", \"path\": null, \"size\": 77.63, \"width\": 245, \"height\": 138}}','image_711a51d536','.png','image/png',406.52,'/uploads/image_711a51d536.png',NULL,'local',NULL,'/','2023-06-04 15:00:18.168000','2023-06-12 14:22:24.031000',1,1),(8,'image.png',NULL,NULL,1280,511,'{\"large\": {\"ext\": \".png\", \"url\": \"/uploads/large_image_390db01f22.png\", \"hash\": \"large_image_390db01f22\", \"mime\": \"image/png\", \"name\": \"large_image.png\", \"path\": null, \"size\": 744.88, \"width\": 1000, \"height\": 399}, \"small\": {\"ext\": \".png\", \"url\": \"/uploads/small_image_390db01f22.png\", \"hash\": \"small_image_390db01f22\", \"mime\": \"image/png\", \"name\": \"small_image.png\", \"path\": null, \"size\": 186.39, \"width\": 500, \"height\": 200}, \"medium\": {\"ext\": \".png\", \"url\": \"/uploads/medium_image_390db01f22.png\", \"hash\": \"medium_image_390db01f22\", \"mime\": \"image/png\", \"name\": \"medium_image.png\", \"path\": null, \"size\": 419.62, \"width\": 750, \"height\": 299}, \"thumbnail\": {\"ext\": \".png\", \"url\": \"/uploads/thumbnail_image_390db01f22.png\", \"hash\": \"thumbnail_image_390db01f22\", \"mime\": \"image/png\", \"name\": \"thumbnail_image.png\", \"path\": null, \"size\": 45.93, \"width\": 245, \"height\": 98}}','image_390db01f22','.png','image/png',312.95,'/uploads/image_390db01f22.png',NULL,'local',NULL,'/','2023-06-04 15:01:20.642000','2023-06-04 15:09:32.320000',1,1),(9,'image.png','اجتماع القمة الاوروبية',NULL,1280,720,'{\"large\": {\"ext\": \".png\", \"url\": \"/uploads/large_image_f7aa96b697.png\", \"hash\": \"large_image_f7aa96b697\", \"mime\": \"image/png\", \"name\": \"large_image.png\", \"path\": null, \"size\": 979.23, \"width\": 1000, \"height\": 563}, \"small\": {\"ext\": \".png\", \"url\": \"/uploads/small_image_f7aa96b697.png\", \"hash\": \"small_image_f7aa96b697\", \"mime\": \"image/png\", \"name\": \"small_image.png\", \"path\": null, \"size\": 262.57, \"width\": 500, \"height\": 281}, \"medium\": {\"ext\": \".png\", \"url\": \"/uploads/medium_image_f7aa96b697.png\", \"hash\": \"medium_image_f7aa96b697\", \"mime\": \"image/png\", \"name\": \"medium_image.png\", \"path\": null, \"size\": 564.73, \"width\": 750, \"height\": 422}, \"thumbnail\": {\"ext\": \".png\", \"url\": \"/uploads/thumbnail_image_f7aa96b697.png\", \"hash\": \"thumbnail_image_f7aa96b697\", \"mime\": \"image/png\", \"name\": \"thumbnail_image.png\", \"path\": null, \"size\": 73.03, \"width\": 245, \"height\": 138}}','image_f7aa96b697','.png','image/png',306.17,'/uploads/image_f7aa96b697.png',NULL,'local',NULL,'/','2023-06-04 15:01:25.782000','2023-06-12 14:20:07.331000',1,1),(10,'image.png','تمثال الملك رمسيس',NULL,1280,720,'{\"large\": {\"ext\": \".png\", \"url\": \"/uploads/large_image_45601ca1cd.png\", \"hash\": \"large_image_45601ca1cd\", \"mime\": \"image/png\", \"name\": \"large_image.png\", \"path\": null, \"size\": 1259.93, \"width\": 1000, \"height\": 563}, \"small\": {\"ext\": \".png\", \"url\": \"/uploads/small_image_45601ca1cd.png\", \"hash\": \"small_image_45601ca1cd\", \"mime\": \"image/png\", \"name\": \"small_image.png\", \"path\": null, \"size\": 317.31, \"width\": 500, \"height\": 281}, \"medium\": {\"ext\": \".png\", \"url\": \"/uploads/medium_image_45601ca1cd.png\", \"hash\": \"medium_image_45601ca1cd\", \"mime\": \"image/png\", \"name\": \"medium_image.png\", \"path\": null, \"size\": 710.23, \"width\": 750, \"height\": 422}, \"thumbnail\": {\"ext\": \".png\", \"url\": \"/uploads/thumbnail_image_45601ca1cd.png\", \"hash\": \"thumbnail_image_45601ca1cd\", \"mime\": \"image/png\", \"name\": \"thumbnail_image.png\", \"path\": null, \"size\": 80.6, \"width\": 245, \"height\": 138}}','image_45601ca1cd','.png','image/png',528.76,'/uploads/image_45601ca1cd.png',NULL,'local',NULL,'/','2023-06-04 15:02:51.009000','2023-06-12 14:21:46.648000',1,1),(11,'image.png','درب التبانة',NULL,1280,720,'{\"large\": {\"ext\": \".png\", \"url\": \"/uploads/large_image_6c51f46e3d.png\", \"hash\": \"large_image_6c51f46e3d\", \"mime\": \"image/png\", \"name\": \"large_image.png\", \"path\": null, \"size\": 1427.53, \"width\": 1000, \"height\": 563}, \"small\": {\"ext\": \".png\", \"url\": \"/uploads/small_image_6c51f46e3d.png\", \"hash\": \"small_image_6c51f46e3d\", \"mime\": \"image/png\", \"name\": \"small_image.png\", \"path\": null, \"size\": 358.18, \"width\": 500, \"height\": 281}, \"medium\": {\"ext\": \".png\", \"url\": \"/uploads/medium_image_6c51f46e3d.png\", \"hash\": \"medium_image_6c51f46e3d\", \"mime\": \"image/png\", \"name\": \"medium_image.png\", \"path\": null, \"size\": 806.02, \"width\": 750, \"height\": 422}, \"thumbnail\": {\"ext\": \".png\", \"url\": \"/uploads/thumbnail_image_6c51f46e3d.png\", \"hash\": \"thumbnail_image_6c51f46e3d\", \"mime\": \"image/png\", \"name\": \"thumbnail_image.png\", \"path\": null, \"size\": 87.5, \"width\": 245, \"height\": 138}}','image_6c51f46e3d','.png','image/png',630.08,'/uploads/image_6c51f46e3d.png',NULL,'local',NULL,'/','2023-06-04 15:03:31.246000','2023-06-12 14:20:35.295000',1,1),(12,'image.png',NULL,NULL,1280,512,'{\"large\": {\"ext\": \".png\", \"url\": \"/uploads/large_image_2dd652edf5.png\", \"hash\": \"large_image_2dd652edf5\", \"mime\": \"image/png\", \"name\": \"large_image.png\", \"path\": null, \"size\": 736.59, \"width\": 1000, \"height\": 400}, \"small\": {\"ext\": \".png\", \"url\": \"/uploads/small_image_2dd652edf5.png\", \"hash\": \"small_image_2dd652edf5\", \"mime\": \"image/png\", \"name\": \"small_image.png\", \"path\": null, \"size\": 199.98, \"width\": 500, \"height\": 200}, \"medium\": {\"ext\": \".png\", \"url\": \"/uploads/medium_image_2dd652edf5.png\", \"hash\": \"medium_image_2dd652edf5\", \"mime\": \"image/png\", \"name\": \"medium_image.png\", \"path\": null, \"size\": 429.35, \"width\": 750, \"height\": 300}, \"thumbnail\": {\"ext\": \".png\", \"url\": \"/uploads/thumbnail_image_2dd652edf5.png\", \"hash\": \"thumbnail_image_2dd652edf5\", \"mime\": \"image/png\", \"name\": \"thumbnail_image.png\", \"path\": null, \"size\": 51.73, \"width\": 245, \"height\": 98}}','image_2dd652edf5','.png','image/png',323.72,'/uploads/image_2dd652edf5.png',NULL,'local',NULL,'/','2023-06-04 15:03:58.757000','2023-06-04 15:03:58.757000',1,1),(13,'image.png','نيزك على سطح المريخ',NULL,360,240,'{\"thumbnail\": {\"ext\": \".png\", \"url\": \"/uploads/thumbnail_image_f972ea5bc6.png\", \"hash\": \"thumbnail_image_f972ea5bc6\", \"mime\": \"image/png\", \"name\": \"thumbnail_image.png\", \"path\": null, \"size\": 84.07, \"width\": 234, \"height\": 156}}','image_f972ea5bc6','.png','image/png',52.09,'/uploads/image_f972ea5bc6.png',NULL,'local',NULL,'/','2023-06-04 15:04:24.908000','2023-06-12 14:20:47.105000',1,1),(14,'image.png','قمر صناعي',NULL,360,240,'{\"thumbnail\": {\"ext\": \".png\", \"url\": \"/uploads/thumbnail_image_6f0d11d87d.png\", \"hash\": \"thumbnail_image_6f0d11d87d\", \"mime\": \"image/png\", \"name\": \"thumbnail_image.png\", \"path\": null, \"size\": 85.39, \"width\": 234, \"height\": 156}}','image_6f0d11d87d','.png','image/png',53.25,'/uploads/image_6f0d11d87d.png',NULL,'local',NULL,'/','2023-06-04 15:04:24.988000','2023-06-12 14:20:55.343000',1,1),(15,'image.png','قمر صناعي تصوير فضائي',NULL,680,453,'{\"small\": {\"ext\": \".png\", \"url\": \"/uploads/small_image_32476b0a78.png\", \"hash\": \"small_image_32476b0a78\", \"mime\": \"image/png\", \"name\": \"small_image.png\", \"path\": null, \"size\": 306.88, \"width\": 500, \"height\": 333}, \"thumbnail\": {\"ext\": \".png\", \"url\": \"/uploads/thumbnail_image_32476b0a78.png\", \"hash\": \"thumbnail_image_32476b0a78\", \"mime\": \"image/png\", \"name\": \"thumbnail_image.png\", \"path\": null, \"size\": 73.53, \"width\": 234, \"height\": 156}}','image_32476b0a78','.png','image/png',120.16,'/uploads/image_32476b0a78.png',NULL,'local',NULL,'/','2023-06-04 15:04:25.294000','2023-06-12 14:20:58.943000',1,1),(16,'image.png','نيازك تضرب الأرض',NULL,1280,512,'{\"large\": {\"ext\": \".png\", \"url\": \"/uploads/large_image_bbe8f0368a.png\", \"hash\": \"large_image_bbe8f0368a\", \"mime\": \"image/png\", \"name\": \"large_image.png\", \"path\": null, \"size\": 736.59, \"width\": 1000, \"height\": 400}, \"small\": {\"ext\": \".png\", \"url\": \"/uploads/small_image_bbe8f0368a.png\", \"hash\": \"small_image_bbe8f0368a\", \"mime\": \"image/png\", \"name\": \"small_image.png\", \"path\": null, \"size\": 199.98, \"width\": 500, \"height\": 200}, \"medium\": {\"ext\": \".png\", \"url\": \"/uploads/medium_image_bbe8f0368a.png\", \"hash\": \"medium_image_bbe8f0368a\", \"mime\": \"image/png\", \"name\": \"medium_image.png\", \"path\": null, \"size\": 429.35, \"width\": 750, \"height\": 300}, \"thumbnail\": {\"ext\": \".png\", \"url\": \"/uploads/thumbnail_image_bbe8f0368a.png\", \"hash\": \"thumbnail_image_bbe8f0368a\", \"mime\": \"image/png\", \"name\": \"thumbnail_image.png\", \"path\": null, \"size\": 51.73, \"width\": 245, \"height\": 98}}','image_bbe8f0368a','.png','image/png',323.72,'/uploads/image_bbe8f0368a.png',NULL,'local',NULL,'/','2023-06-04 15:04:25.566000','2023-06-12 14:21:02.432000',1,1),(17,'image.png','شخص يحاكي روبوت',NULL,1280,720,'{\"large\": {\"ext\": \".png\", \"url\": \"/uploads/large_image_8925496cc3.png\", \"hash\": \"large_image_8925496cc3\", \"mime\": \"image/png\", \"name\": \"large_image.png\", \"path\": null, \"size\": 984.76, \"width\": 1000, \"height\": 563}, \"small\": {\"ext\": \".png\", \"url\": \"/uploads/small_image_8925496cc3.png\", \"hash\": \"small_image_8925496cc3\", \"mime\": \"image/png\", \"name\": \"small_image.png\", \"path\": null, \"size\": 269.35, \"width\": 500, \"height\": 281}, \"medium\": {\"ext\": \".png\", \"url\": \"/uploads/medium_image_8925496cc3.png\", \"hash\": \"medium_image_8925496cc3\", \"mime\": \"image/png\", \"name\": \"medium_image.png\", \"path\": null, \"size\": 573.05, \"width\": 750, \"height\": 422}, \"thumbnail\": {\"ext\": \".png\", \"url\": \"/uploads/thumbnail_image_8925496cc3.png\", \"hash\": \"thumbnail_image_8925496cc3\", \"mime\": \"image/png\", \"name\": \"thumbnail_image.png\", \"path\": null, \"size\": 74.08, \"width\": 245, \"height\": 138}}','image_8925496cc3','.png','image/png',291.30,'/uploads/image_8925496cc3.png',NULL,'local',NULL,'/','2023-06-04 15:05:52.579000','2023-06-12 14:19:42.915000',1,1),(18,'image.png','لباس مميز',NULL,1280,720,'{\"large\": {\"ext\": \".png\", \"url\": \"/uploads/large_image_15e69b28de.png\", \"hash\": \"large_image_15e69b28de\", \"mime\": \"image/png\", \"name\": \"large_image.png\", \"path\": null, \"size\": 977.87, \"width\": 1000, \"height\": 563}, \"small\": {\"ext\": \".png\", \"url\": \"/uploads/small_image_15e69b28de.png\", \"hash\": \"small_image_15e69b28de\", \"mime\": \"image/png\", \"name\": \"small_image.png\", \"path\": null, \"size\": 254.06, \"width\": 500, \"height\": 281}, \"medium\": {\"ext\": \".png\", \"url\": \"/uploads/medium_image_15e69b28de.png\", \"hash\": \"medium_image_15e69b28de\", \"mime\": \"image/png\", \"name\": \"medium_image.png\", \"path\": null, \"size\": 556.11, \"width\": 750, \"height\": 422}, \"thumbnail\": {\"ext\": \".png\", \"url\": \"/uploads/thumbnail_image_15e69b28de.png\", \"hash\": \"thumbnail_image_15e69b28de\", \"mime\": \"image/png\", \"name\": \"thumbnail_image.png\", \"path\": null, \"size\": 68.53, \"width\": 245, \"height\": 138}}','image_15e69b28de','.png','image/png',415.94,'/uploads/image_15e69b28de.png',NULL,'local',NULL,'/','2023-06-04 15:07:48.229000','2023-06-12 14:19:51.488000',1,1),(19,'image.png','زفاف جماعي',NULL,1280,853,'{\"large\": {\"ext\": \".png\", \"url\": \"/uploads/large_image_89948d1f47.png\", \"hash\": \"large_image_89948d1f47\", \"mime\": \"image/png\", \"name\": \"large_image.png\", \"path\": null, \"size\": 1379.34, \"width\": 1000, \"height\": 666}, \"small\": {\"ext\": \".png\", \"url\": \"/uploads/small_image_89948d1f47.png\", \"hash\": \"small_image_89948d1f47\", \"mime\": \"image/png\", \"name\": \"small_image.png\", \"path\": null, \"size\": 370.77, \"width\": 500, \"height\": 333}, \"medium\": {\"ext\": \".png\", \"url\": \"/uploads/medium_image_89948d1f47.png\", \"hash\": \"medium_image_89948d1f47\", \"mime\": \"image/png\", \"name\": \"medium_image.png\", \"path\": null, \"size\": 799.39, \"width\": 750, \"height\": 500}, \"thumbnail\": {\"ext\": \".png\", \"url\": \"/uploads/thumbnail_image_89948d1f47.png\", \"hash\": \"thumbnail_image_89948d1f47\", \"mime\": \"image/png\", \"name\": \"thumbnail_image.png\", \"path\": null, \"size\": 91.41, \"width\": 234, \"height\": 156}}','image_89948d1f47','.png','image/png',440.43,'/uploads/image_89948d1f47.png',NULL,'local',NULL,'/','2023-06-04 15:08:05.808000','2023-06-12 14:14:38.098000',1,1),(20,'image.png','د. فيصل المقداد',NULL,1280,720,'{\"large\": {\"ext\": \".png\", \"url\": \"/uploads/large_image_ab8d911f02.png\", \"hash\": \"large_image_ab8d911f02\", \"mime\": \"image/png\", \"name\": \"large_image.png\", \"path\": null, \"size\": 911.05, \"width\": 1000, \"height\": 563}, \"small\": {\"ext\": \".png\", \"url\": \"/uploads/small_image_ab8d911f02.png\", \"hash\": \"small_image_ab8d911f02\", \"mime\": \"image/png\", \"name\": \"small_image.png\", \"path\": null, \"size\": 261.89, \"width\": 500, \"height\": 281}, \"medium\": {\"ext\": \".png\", \"url\": \"/uploads/medium_image_ab8d911f02.png\", \"hash\": \"medium_image_ab8d911f02\", \"mime\": \"image/png\", \"name\": \"medium_image.png\", \"path\": null, \"size\": 542.73, \"width\": 750, \"height\": 422}, \"thumbnail\": {\"ext\": \".png\", \"url\": \"/uploads/thumbnail_image_ab8d911f02.png\", \"hash\": \"thumbnail_image_ab8d911f02\", \"mime\": \"image/png\", \"name\": \"thumbnail_image.png\", \"path\": null, \"size\": 73.6, \"width\": 245, \"height\": 138}}','image_ab8d911f02','.png','image/png',306.06,'/uploads/image_ab8d911f02.png',NULL,'local',NULL,'/','2023-06-04 15:12:16.591000','2023-06-12 14:18:18.533000',1,1),(21,'image.png','العلم السوري',NULL,1620,1080,'{\"large\": {\"ext\": \".png\", \"url\": \"/uploads/large_image_50a01f2f27.png\", \"hash\": \"large_image_50a01f2f27\", \"mime\": \"image/png\", \"name\": \"large_image.png\", \"path\": null, \"size\": 1297.77, \"width\": 1000, \"height\": 667}, \"small\": {\"ext\": \".png\", \"url\": \"/uploads/small_image_50a01f2f27.png\", \"hash\": \"small_image_50a01f2f27\", \"mime\": \"image/png\", \"name\": \"small_image.png\", \"path\": null, \"size\": 335.5, \"width\": 500, \"height\": 333}, \"medium\": {\"ext\": \".png\", \"url\": \"/uploads/medium_image_50a01f2f27.png\", \"hash\": \"medium_image_50a01f2f27\", \"mime\": \"image/png\", \"name\": \"medium_image.png\", \"path\": null, \"size\": 735.16, \"width\": 750, \"height\": 500}, \"thumbnail\": {\"ext\": \".png\", \"url\": \"/uploads/thumbnail_image_50a01f2f27.png\", \"hash\": \"thumbnail_image_50a01f2f27\", \"mime\": \"image/png\", \"name\": \"thumbnail_image.png\", \"path\": null, \"size\": 78.39, \"width\": 234, \"height\": 156}}','image_50a01f2f27','.png','image/png',856.74,'/uploads/image_50a01f2f27.png',NULL,'local',NULL,'/','2023-06-04 15:13:08.352000','2023-06-12 14:18:33.068000',1,1),(22,'image.png','طلاب جامعيين',NULL,1280,720,'{\"large\": {\"ext\": \".png\", \"url\": \"/uploads/large_image_655b2ed5a8.png\", \"hash\": \"large_image_655b2ed5a8\", \"mime\": \"image/png\", \"name\": \"large_image.png\", \"path\": null, \"size\": 1072.19, \"width\": 1000, \"height\": 563}, \"small\": {\"ext\": \".png\", \"url\": \"/uploads/small_image_655b2ed5a8.png\", \"hash\": \"small_image_655b2ed5a8\", \"mime\": \"image/png\", \"name\": \"small_image.png\", \"path\": null, \"size\": 283.19, \"width\": 500, \"height\": 281}, \"medium\": {\"ext\": \".png\", \"url\": \"/uploads/medium_image_655b2ed5a8.png\", \"hash\": \"medium_image_655b2ed5a8\", \"mime\": \"image/png\", \"name\": \"medium_image.png\", \"path\": null, \"size\": 616.82, \"width\": 750, \"height\": 422}, \"thumbnail\": {\"ext\": \".png\", \"url\": \"/uploads/thumbnail_image_655b2ed5a8.png\", \"hash\": \"thumbnail_image_655b2ed5a8\", \"mime\": \"image/png\", \"name\": \"thumbnail_image.png\", \"path\": null, \"size\": 74.4, \"width\": 245, \"height\": 138}}','image_655b2ed5a8','.png','image/png',467.15,'/uploads/image_655b2ed5a8.png',NULL,'local',NULL,'/','2023-06-04 15:14:11.508000','2023-06-12 14:18:52.082000',1,1),(26,'mini-generic-logo.png','شعار الموقع مصغر',NULL,257,221,'{\"thumbnail\": {\"ext\": \".png\", \"url\": \"/uploads/thumbnail_mini_generic_logo_ffce7e7754.png\", \"hash\": \"thumbnail_mini_generic_logo_ffce7e7754\", \"mime\": \"image/png\", \"name\": \"thumbnail_mini-generic-logo.png\", \"path\": null, \"size\": 11.09, \"width\": 181, \"height\": 156}}','mini_generic_logo_ffce7e7754','.png','image/png',3.16,'/uploads/mini_generic_logo_ffce7e7754.png',NULL,'local',NULL,'/','2023-06-05 15:15:13.063000','2023-06-12 14:13:47.725000',1,1),(27,'generic-logo.png','شعار الموقع',NULL,446,396,'{\"thumbnail\": {\"ext\": \".png\", \"url\": \"/uploads/thumbnail_generic_logo_769e97498a.png\", \"hash\": \"thumbnail_generic_logo_769e97498a\", \"mime\": \"image/png\", \"name\": \"thumbnail_generic-logo.png\", \"path\": null, \"size\": 12.41, \"width\": 176, \"height\": 156}}','generic_logo_769e97498a','.png','image/png',8.66,'/uploads/generic_logo_769e97498a.png',NULL,'local',NULL,'/','2023-06-05 15:15:13.068000','2023-06-12 14:13:40.927000',1,1);
/*!40000 ALTER TABLE `files` ENABLE KEYS */;
UNLOCK TABLES;

--
-- Table structure for table `files_folder_links`
--

DROP TABLE IF EXISTS `files_folder_links`;
/*!40101 SET @saved_cs_client     = @@character_set_client */;
/*!50503 SET character_set_client = utf8mb4 */;
CREATE TABLE `files_folder_links` (
  `id` int unsigned NOT NULL AUTO_INCREMENT,
  `file_id` int unsigned DEFAULT NULL,
  `folder_id` int unsigned DEFAULT NULL,
  `file_order` double unsigned DEFAULT NULL,
  PRIMARY KEY (`id`),
  UNIQUE KEY `files_folder_links_unique` (`file_id`,`folder_id`),
  KEY `files_folder_links_fk` (`file_id`),
  KEY `files_folder_links_inv_fk` (`folder_id`),
  KEY `files_folder_links_order_inv_fk` (`file_order`),
  CONSTRAINT `files_folder_links_fk` FOREIGN KEY (`file_id`) REFERENCES `files` (`id`) ON DELETE CASCADE,
  CONSTRAINT `files_folder_links_inv_fk` FOREIGN KEY (`folder_id`) REFERENCES `upload_folders` (`id`) ON DELETE CASCADE
) ENGINE=InnoDB DEFAULT CHARSET=utf8mb4 COLLATE=utf8mb4_0900_ai_ci;
/*!40101 SET character_set_client = @saved_cs_client */;

--
-- Dumping data for table `files_folder_links`
--

LOCK TABLES `files_folder_links` WRITE;
/*!40000 ALTER TABLE `files_folder_links` DISABLE KEYS */;
/*!40000 ALTER TABLE `files_folder_links` ENABLE KEYS */;
UNLOCK TABLES;

--
-- Table structure for table `files_related_morphs`
--

DROP TABLE IF EXISTS `files_related_morphs`;
/*!40101 SET @saved_cs_client     = @@character_set_client */;
/*!50503 SET character_set_client = utf8mb4 */;
CREATE TABLE `files_related_morphs` (
  `id` int unsigned NOT NULL AUTO_INCREMENT,
  `file_id` int unsigned DEFAULT NULL,
  `related_id` int unsigned DEFAULT NULL,
  `related_type` varchar(255) DEFAULT NULL,
  `field` varchar(255) DEFAULT NULL,
  `order` double unsigned DEFAULT NULL,
  PRIMARY KEY (`id`),
  KEY `files_related_morphs_fk` (`file_id`),
  KEY `files_related_morphs_order_index` (`order`),
  KEY `files_related_morphs_id_column_index` (`related_id`),
  CONSTRAINT `files_related_morphs_fk` FOREIGN KEY (`file_id`) REFERENCES `files` (`id`) ON DELETE CASCADE
) ENGINE=InnoDB AUTO_INCREMENT=99 DEFAULT CHARSET=utf8mb4 COLLATE=utf8mb4_0900_ai_ci;
/*!40101 SET character_set_client = @saved_cs_client */;

--
-- Dumping data for table `files_related_morphs`
--

LOCK TABLES `files_related_morphs` WRITE;
/*!40000 ALTER TABLE `files_related_morphs` DISABLE KEYS */;
INSERT INTO `files_related_morphs` VALUES (4,2,5,'api::post.post','images',1),(5,3,5,'api::post.post','images',2),(7,5,6,'api::post.post','images',1),(9,6,7,'api::post.post','images',1),(11,8,8,'api::post.post','images',1),(14,16,10,'api::post.post','images',1),(15,15,10,'api::post.post','images',2),(16,14,10,'api::post.post','images',3),(17,13,10,'api::post.post','images',4),(20,19,12,'api::post.post','images',1),(38,27,1,'api::setting.setting','header_image',1),(39,27,1,'api::setting.setting','about_image',1),(40,27,1,'api::setting.setting','logo',1),(74,22,14,'api::post.post','feature_image',1),(77,17,11,'api::post.post','feature_image',1),(78,18,12,'api::post.post','feature_image',1),(79,9,8,'api::post.post','feature_image',1),(80,11,10,'api::post.post','feature_image',1),(81,16,10,'api::post.post','media',1),(82,11,10,'api::post.post','media',2),(83,13,10,'api::post.post','media',3),(84,14,10,'api::post.post','media',4),(85,15,10,'api::post.post','media',5),(86,4,6,'api::post.post','feature_image',1),(87,5,6,'api::post.post','media',1),(88,10,9,'api::post.post','feature_image',1),(89,3,5,'api::post.post','feature_image',1),(90,2,5,'api::post.post','media',1),(93,7,7,'api::post.post','feature_image',1),(94,6,7,'api::post.post','media',1),(95,20,13,'api::post.post','feature_image',1),(96,21,13,'api::post.post','media',1),(97,1,4,'api::post.post','feature_image',1),(98,8,4,'api::post.post','media',1);
/*!40000 ALTER TABLE `files_related_morphs` ENABLE KEYS */;
UNLOCK TABLES;

--
-- Table structure for table `i18n_locale`
--

DROP TABLE IF EXISTS `i18n_locale`;
/*!40101 SET @saved_cs_client     = @@character_set_client */;
/*!50503 SET character_set_client = utf8mb4 */;
CREATE TABLE `i18n_locale` (
  `id` int unsigned NOT NULL AUTO_INCREMENT,
  `name` varchar(255) DEFAULT NULL,
  `code` varchar(255) DEFAULT NULL,
  `created_at` datetime(6) DEFAULT NULL,
  `updated_at` datetime(6) DEFAULT NULL,
  `created_by_id` int unsigned DEFAULT NULL,
  `updated_by_id` int unsigned DEFAULT NULL,
  PRIMARY KEY (`id`),
  KEY `i18n_locale_created_by_id_fk` (`created_by_id`),
  KEY `i18n_locale_updated_by_id_fk` (`updated_by_id`),
  CONSTRAINT `i18n_locale_created_by_id_fk` FOREIGN KEY (`created_by_id`) REFERENCES `admin_users` (`id`) ON DELETE SET NULL,
  CONSTRAINT `i18n_locale_updated_by_id_fk` FOREIGN KEY (`updated_by_id`) REFERENCES `admin_users` (`id`) ON DELETE SET NULL
) ENGINE=InnoDB AUTO_INCREMENT=2 DEFAULT CHARSET=utf8mb4 COLLATE=utf8mb4_0900_ai_ci;
/*!40101 SET character_set_client = @saved_cs_client */;

--
-- Dumping data for table `i18n_locale`
--

LOCK TABLES `i18n_locale` WRITE;
/*!40000 ALTER TABLE `i18n_locale` DISABLE KEYS */;
INSERT INTO `i18n_locale` VALUES (1,'English (en)','en','2023-06-04 14:22:27.455000','2023-06-04 14:22:27.455000',NULL,NULL);
/*!40000 ALTER TABLE `i18n_locale` ENABLE KEYS */;
UNLOCK TABLES;

--
-- Table structure for table `messages`
--

DROP TABLE IF EXISTS `messages`;
/*!40101 SET @saved_cs_client     = @@character_set_client */;
/*!50503 SET character_set_client = utf8mb4 */;
CREATE TABLE `messages` (
  `id` int unsigned NOT NULL AUTO_INCREMENT,
  `name` varchar(255) DEFAULT NULL,
  `mail` varchar(255) DEFAULT NULL,
  `phone` varchar(255) DEFAULT NULL,
  `text` longtext,
  `title` varchar(255) DEFAULT NULL,
  `created_at` datetime(6) DEFAULT NULL,
  `updated_at` datetime(6) DEFAULT NULL,
  `created_by_id` int unsigned DEFAULT NULL,
  `updated_by_id` int unsigned DEFAULT NULL,
  PRIMARY KEY (`id`),
  KEY `messages_created_by_id_fk` (`created_by_id`),
  KEY `messages_updated_by_id_fk` (`updated_by_id`),
  CONSTRAINT `messages_created_by_id_fk` FOREIGN KEY (`created_by_id`) REFERENCES `admin_users` (`id`) ON DELETE SET NULL,
  CONSTRAINT `messages_updated_by_id_fk` FOREIGN KEY (`updated_by_id`) REFERENCES `admin_users` (`id`) ON DELETE SET NULL
) ENGINE=InnoDB DEFAULT CHARSET=utf8mb4 COLLATE=utf8mb4_0900_ai_ci;
/*!40101 SET character_set_client = @saved_cs_client */;

--
-- Dumping data for table `messages`
--

LOCK TABLES `messages` WRITE;
/*!40000 ALTER TABLE `messages` DISABLE KEYS */;
/*!40000 ALTER TABLE `messages` ENABLE KEYS */;
UNLOCK TABLES;

--
-- Table structure for table `posts`
--

DROP TABLE IF EXISTS `posts`;
/*!40101 SET @saved_cs_client     = @@character_set_client */;
/*!50503 SET character_set_client = utf8mb4 */;
CREATE TABLE `posts` (
  `id` int unsigned NOT NULL AUTO_INCREMENT,
  `title` varchar(255) DEFAULT NULL,
  `slug` varchar(255) DEFAULT NULL,
  `content` longtext,
  `created_at` datetime(6) DEFAULT NULL,
  `updated_at` datetime(6) DEFAULT NULL,
  `published_at` datetime(6) DEFAULT NULL,
  `created_by_id` int unsigned DEFAULT NULL,
  `updated_by_id` int unsigned DEFAULT NULL,
  `read_count` int DEFAULT NULL,
  `reference` longtext,
  `is_featured` tinyint(1) DEFAULT NULL,
  PRIMARY KEY (`id`),
  UNIQUE KEY `posts_slug_unique` (`slug`),
  KEY `posts_created_by_id_fk` (`created_by_id`),
  KEY `posts_updated_by_id_fk` (`updated_by_id`),
  CONSTRAINT `posts_created_by_id_fk` FOREIGN KEY (`created_by_id`) REFERENCES `admin_users` (`id`) ON DELETE SET NULL,
  CONSTRAINT `posts_updated_by_id_fk` FOREIGN KEY (`updated_by_id`) REFERENCES `admin_users` (`id`) ON DELETE SET NULL
) ENGINE=InnoDB AUTO_INCREMENT=15 DEFAULT CHARSET=utf8mb4 COLLATE=utf8mb4_0900_ai_ci;
/*!40101 SET character_set_client = @saved_cs_client */;

--
-- Dumping data for table `posts`
--

LOCK TABLES `posts` WRITE;
/*!40000 ALTER TABLE `posts` DISABLE KEYS */;
INSERT INTO `posts` VALUES (4,'ترامب يهنئ زعيم كوريا الشمالية على انضمام بلاده إلى المجلس التنفيذي لمنظمة الصحة العالمية','tramb-yhny-zeym-kwrya-alshmalyt-ela-andmam-bladh-ila-almjls-altnfydhy-lmnzmt-alsht-alealmyt','احتفل الرئيس الأمريكي السابق، دونالد ترامب، بتعيين كوريا الشمالية في منظمة الصحة العالمية\nوجاء احتفال ترامب عبر منشور له على منصته الخاصة للتواصل الاجتماعي \"تروث سوشيال\"، إذ كتب \"تهانينا لكيم جونغ أون\"، مع كتابة اسمه بشكل خاطئ، وفقا لموقع \"يوراسيا دايري\".\nوأرفق ترامب تهنئته مقالا بشأن المسؤول الكوري الشمالي، الذي تم انتخابه مؤخرا في المجلس التنفيذي لمنظمة الصحة العالمية.\nوسيشغل الدكتور جونغ مين باك من وزارة الصحة العامة في كوريا الشمالية، مقعدا في المجلس التنفيذي لمنظمة الصحة العالمية، ومن المقرر أن تستمر فترة ولايته حتى عام 2026.\nويسمح المنصب الجديد لكوريا الشمالية في مجلس إدارة منظمة الصحة العالمية، المشاركة في تحديد أجندتها ووصفاتها السياسية.','2023-06-04 14:50:41.949000','2023-06-12 14:23:39.499000','2023-06-04 14:50:47.784000',1,1,NULL,'https://sputnikarabic.ae/20230604/%D8%AA%D8%B1%D8%A7%D9%85%D8%A8-%D9%8A%D9%87%D9%86%D8%A6-%D8%B2%D8%B9%D9%8A%D9%85-%D9%83%D9%88%D8%B1%D9%8A%D8%A7-%D8%A7%D9%84%D8%B4%D9%85%D8%A7%D9%84%D9%8A%D8%A9-%D8%B9%D9%84%D9%89-%D8%A7%D9%86%D8%B6%D9%85%D8%A7%D9%85-%D8%A8%D9%84%D8%A7%D8%AF%D9%87-%D8%A5%D9%84%D9%89-%D8%A7%D9%84%D9%85%D8%AC%D9%84%D8%B3-%D8%A7%D9%84%D8%AA%D9%86%D9%81%D9%8A%D8%B0%D9%8A-%D9%84%D9%85%D9%86%D8%B8%D9%85%D8%A9-%D8%A7%D9%84%D8%B5%D8%AD%D8%A9-%D8%A7%D9%84%D8%B9%D8%A7%D9%84%D9%85%D9%8A%D8%A9-1077720536.html',1),(5,'قديروف يكشف العمل على تحييد المخربين في منطقة العملية الروسية الخاصة','qdyrwf-ykshf-aleml-ela-thyyd-almkhrbyn-fy-mntqt-alemlyt-alrwsyt-alkhast','كشف الرئيس الشيشاني، رمضان قديروف، عن العمل الجاري في منطقة العملية العسكرية الروسية الخاصة لتحديد وتحييد مجموعات الاستطلاع والتخريب الأوكرانية المسلحة.\nوقال قديروف إنه \"تم تنشيط مجموعات الاستطلاع والتخريب الأوكرانية المسلحة في المنطقة التي تسيطر عليها وحدة رستم أغيف العسكرية الشيشانية وهذا يعني أن وحداتنا قد فتحت لهم موسم الصيد\".\nوأضاف قديروف: \"هناك بالفعل نتائج ممتازة عند تنفيذ عمليات عسكرية في المناطق التي تقع فيها المنازل الخاصة وفي المناطق المجاورة لها يكتشف جنودنا اكتشافات مثيرة للاهتمام\".','2023-06-04 14:57:44.501000','2023-06-12 14:22:09.792000','2023-06-04 14:57:46.298000',1,1,NULL,'https://sputnikarabic.ae/20230604/%D9%82%D8%AF%D9%8A%D8%B1%D9%88%D9%81-%D9%8A%D9%83%D8%B4%D9%81-%D8%A7%D9%84%D8%B9%D9%85%D9%84-%D8%B9%D9%84%D9%89-%D8%AA%D8%AD%D9%8A%D9%8A%D8%AF-%D8%A7%D9%84%D9%85%D8%AE%D8%B1%D8%A8%D9%8A%D9%86-%D9%81%D9%8A-%D9%85%D9%86%D8%B7%D9%82%D8%A9-%D8%A7%D9%84%D8%B9%D9%85%D9%84%D9%8A%D8%A9-%D8%A7%D9%84%D8%B1%D9%88%D8%B3%D9%8A%D8%A9-%D8%A7%D9%84%D8%AE%D8%A7%D8%B5%D8%A9-1077720297.html',0),(6,'عشرات المستوطنين يقتحمون المسجد الأقصى ويؤدون طقوسا تلمودية في باحاته.. فيديو','post','اقتحم مستوطنون إسرائيليون متطرفون، صباح اليوم الأحد، باحات المسجد الأقصى، من جهة باب المغاربة بحراسة مشددة من الشرطة الإسرائيلية.\nوأفادت وكالة سما، ظهر اليوم الأحد، بأن عشرات المستوطنين المتطرفين اقتحموا باحات المسجد الأقصى، في وقت نشرت الشرطة الإسرائيلية قواتها ووحداتها الخاصة في باحات المسجد وعند أبوابه، بهدف تأمين اقتحامات المستوطنين.\nوأكدت أن عضو الكنيست المتطرف، يهودا غليك، قاد اقتحام المستوطنين للمسجد الأقصى، مشيرة إلى أن المستوطنين نفذوا جولات استفزازية في باحات المسجد، وأدوا طقوسا تلمودية في المنطقة الشرقية منه، واستمعوا إلى شروحات حول \"الهيكل\" المزعوم.','2023-06-04 14:59:15.127000','2023-06-12 14:21:26.202000','2023-06-04 14:59:16.307000',1,1,NULL,'https://sputnikarabic.ae/20230604/%D8%B9%D8%B4%D8%B1%D8%A7%D8%AA-%D8%A7%D9%84%D9%85%D8%B3%D8%AA%D9%88%D8%B7%D9%86%D9%8A%D9%86-%D9%8A%D9%82%D8%AA%D8%AD%D9%85%D9%88%D9%86-%D8%A7%D9%84%D9%85%D8%B3%D8%AC%D8%AF-%D8%A7%D9%84%D8%A3%D9%82%D8%B5%D9%89-%D9%88%D9%8A%D8%A4%D8%AF%D9%88%D9%86-%D8%B7%D9%82%D9%88%D8%B3%D8%A7-%D8%AA%D9%84%D9%85%D9%88%D8%AF%D9%8A%D8%A9-%D9%81%D9%8A-%D8%A8%D8%A7%D8%AD%D8%A7%D8%AA%D9%87-%D9%81%D9%8A%D8%AF%D9%8A%D9%88-1077721356.html?rcmd_alg=collaboration2',1),(7,'ما قرارات \"أوبك+\" المرتقبة وتأثيرها على أسعار النفط','ma-qrarat-awbk-almrtqbt-wtathyrha-ela-asear-alnft','تترقب الأسواق العالمية نتائج اجتماع تحالف \"أوبك+\"، غدا الأحد، نظرا لما يمكن أن يترتب عليه بشأن أسعار النفط.\nيأتي الاجتماع وسط تضارب التوقعات بشأن ما يتجه إليه التحالف، غير أن غالبية الخبراء يشيرون إلى الإبقاء على المستوى الحالي من التخفيض، دون تغيير على مستوى الإنتاج، وذلك للحفاظ على استقرار الأسواق.\nوفي وقت سابق، أعلنت السعودية و8 دول أخرى في \" أوبك+\" خفض إنتاجها طواعية بإجمالي 1.66 مليون برميل يوميا، في المدة من مايو/أيار 2023 حتى نهاية العام.\nلخفض الطوعي أضيف إلى آخر سابق أقره التحالف بمقدار مليوني برميل يوميا في الفترة من نوفمبر/تشرين الثاني 2022 حتى نهاية العام الحالي.\nتعليقا على القرارات المرتقبة غدا عن اجتماع \"أوبك+\"، قال الدكتور محمد سرور الصبان، كبير مستشاري وزير النفط السعودي سابقا، إن \"أوبك\" قد تتجه للحفاظ على التخفيض الحالي، دون إضافة أي جديد على المستويات الحالية.\n','2023-06-04 15:00:35.509000','2023-06-12 14:22:56.585000','2023-06-04 15:00:47.334000',1,1,NULL,'https://sputnikarabic.ae/20230603/%D9%85%D8%A7-%D9%82%D8%B1%D8%A7%D8%B1%D8%A7%D8%AA-%D8%A3%D9%88%D8%A8%D9%83-%D8%A7%D9%84%D9%85%D8%B1%D8%AA%D9%82%D8%A8%D8%A9-%D9%88%D8%AA%D8%A3%D8%AB%D9%8A%D8%B1%D9%87%D8%A7-%D8%B9%D9%84%D9%89-%D8%A3%D8%B3%D8%B9%D8%A7%D8%B1-%D8%A7%D9%84%D9%86%D9%81%D8%B7-1077700575.html',1),(8,'صندوق النقد الدولي: أوروبا الشرقية تعاني \"ندوبا اقتصادية\" عميقة','sndwq-alnqd-aldwly-awrwba-alshrqyt-teany-ndwba-aqtsadyt-emyqt','قالت المديرة العامة لصندوق النقد الدولي، كريستالينا جورجيفا، إن شرق وجنوب شرق أوروبا يواجهان \"ندوبا\" اقتصادية عميقة وتضخما مرتفعا إلى جانب ضعف معدلات النمو.\nسبوتنيك. وأضافت جورجيفا في مؤتمر استضافه صندوق النقد الدولي والبنك الوطني الكرواتي في دوبروفنيك: \"فيما يتعلق بالنمو، فإن المنطقة تواجه ندوبا اقتصادية عميقة\".\nوتشير التوقعات الحالية لصندوق النقد الدولي لعام 2024 للمنطقة، باستثناء بيلاروسيا وروسيا وأوكرانيا، إلى أن معدلات النمو أقل بنسبة 3.5% مما كان يتوقع أن يشهده الصندوق قبل الوباء مباشرة في عام 2020.\nصندوق النقد الدولي، 2020 - سبوتنيك عربي, 1920, 26.05.2023','2023-06-04 15:02:02.132000','2023-06-12 14:20:10.277000','2023-06-04 15:07:10.692000',1,1,NULL,'https://sputnikarabic.ae/20230603/%D8%B5%D9%86%D8%AF%D9%88%D9%82-%D8%A7%D9%84%D9%86%D9%82%D8%AF-%D8%A7%D9%84%D8%AF%D9%88%D9%84%D9%8A-%D8%A3%D9%88%D8%B1%D9%88%D8%A8%D8%A7-%D8%A7%D9%84%D8%B4%D8%B1%D9%82%D9%8A%D8%A9-%D8%AA%D8%B9%D8%A7%D9%86%D9%8A-%D9%86%D8%AF%D9%88%D8%A8%D8%A7-%D8%A7%D9%82%D8%AA%D8%B5%D8%A7%D8%AF%D9%8A%D8%A9-%D8%B9%D9%85%D9%8A%D9%82%D8%A9-1077696257.html',0),(9,'فيلم وثائقي جديد عن \"كليوباترا\" يشارك فيه عالم الآثار المصري زاهي حواس.. فيديو','fylm-wthayqy-jdyd-en-klywbatra-yshark-fyh-ealm-alathar-almsry-zahy-hwas-fydyw','أعلن وزير الآثار المصري الأسبق زاهي حواس عن فيلم وثائقي جديد عن الملكة كليوباترا التي حكمت مصر بين عامي 51 و30 قبل الميلاد، ردا على الفيلم الذي أنتجته مؤخرا منصة \"نتفيلكس\".\nوقال حواس، في بيان له أمس، بحسب \"بوابة أخبار اليوم\"، إنه يمكن مشاهدة الشريط، \"الذي تتراوح مدته حول 90 دقيقة، على أمازون برايم لوكال ناو ويوتيوب بالتعاون مع كورتيس ريان وودسايد والمشاركة في إنتاج صوفيا عزيز والدكتور زاهي حواس والدكتورة كاثلين مارتينيز والدكتورة سحر سليم ومحمود رشاد\".\n','2023-06-04 15:03:09.056000','2023-06-12 14:21:50.052000','2023-06-04 15:03:11.081000',1,1,NULL,'https://sputnikarabic.ae/20230511/%D9%81%D9%8A%D9%84%D9%85-%D9%88%D8%AB%D8%A7%D8%A6%D9%82%D9%8A-%D8%AC%D8%AF%D9%8A%D8%AF-%D8%B9%D9%86-%D9%83%D9%8A%D9%84%D9%88%D8%A8%D8%A7%D8%AA%D8%B1%D8%A7-%D9%8A%D8%B4%D8%A7%D8%B1%D9%83-%D9%81%D9%8A%D9%87-%D8%B9%D8%A7%D9%84%D9%85-%D8%A7%D9%84%D8%A2%D8%AB%D8%A7%D8%B1-%D8%A7%D9%84%D9%85%D8%B5%D8%B1%D9%8A-%D8%B2%D8%A7%D9%87%D9%8A-%D8%AD%D9%88%D8%A7%D8%B3-%D9%81%D9%8A%D8%AF%D9%8A%D9%88-1076915330.html',0),(10,'صور غريبة لـ\"عين صحراء\" المغرب العربي المحيرة للعلماء من الفضاء','swr-ghrybt-l-eyn-shrae-almghrb-alerby-almhyrt-llelmae-mn-alfdae','شارك رائد الفضاء الإماراتي سلطان النيادي، اليوم الخميس، مجموعة صور مثيرة جدا، من الفضاء، تظهر مشهدا غريبا جدا لظاهرة طبيعية في المغرب العربي.\nونشر رائد الفضاء الإماراتي صورا فريدة على صفحته الرسمية في \"تويتر\" لما يعرف باسم عين الصحراء أو قلب الريشات في الصحراء الكبرى شمالي موريتانيا. وكتب النيادي في تعليقه على الصور:','2023-06-04 15:05:09.454000','2023-06-12 14:21:04.147000','2023-06-04 15:05:10.560000',1,1,NULL,'https://sputnikarabic.ae/20230504/%D8%B5%D9%88%D8%B1-%D8%BA%D8%B1%D9%8A%D8%A8%D8%A9-%D9%84%D9%80%D8%B9%D9%8A%D9%86-%D8%B5%D8%AD%D8%B1%D8%A7%D8%A1-%D8%A7%D9%84%D9%85%D8%BA%D8%B1%D8%A8-%D8%A7%D9%84%D8%B9%D8%B1%D8%A8%D9%8A-%D8%A7%D9%84%D9%85%D8%AD%D9%8A%D8%B1%D8%A9-%D9%84%D9%84%D8%B9%D9%84%D9%85%D8%A7%D8%A1-%D9%85%D9%86-%D8%A7%D9%84%D9%81%D8%B6%D8%A7%D8%A1-1076674826.html',1),(11,'روبوت روسي يقود الزوار بجولة في أرجاء معرض \"بريموري\"... فيديو ','rwbwt-rwsy-yqwd-alzwar-bjwlt-fy-arjae-merd-brymwry-fydyw','سجل مراسل سبوتنيك اليوم الثلاثاء مقطع فديو لروبوت يأخذ الزوار بنزهة في أرجاء معرض بريموري للفنون في روسيا.\nوأظهر المقطع الذي حظي بمتابعة واسعة قيام الربوت بالتحدث إلى الزوار و إبلاغهم أنة قادر على التفاعل المتبادل مع البشر.\nووثق المقطع مجموعة من الزوار تتجول برفقة الربوت الذي يتحرك على عجلات، و مزود بشاشة تعكس إيماءات بشرية كالابتسامة والسرور بعينين كبيرتين.\nوقاد الروبوت الزوار بجولة في أرجاء معرض \"بريموري\" للفنون، وقدم الشرح اللازم عن أقسام المعرض.','2023-06-04 15:06:17.175000','2023-06-12 14:19:46.290000','2023-06-04 15:07:06.005000',1,1,NULL,'https://sputnikarabic.ae/20230425/%D8%B1%D9%88%D8%A8%D9%88%D8%AA-%D8%B1%D9%88%D8%B3%D9%8A-%D9%8A%D9%82%D9%88%D8%AF-%D8%A7%D9%84%D8%B2%D9%88%D8%A7%D8%B1-%D8%A8%D8%AC%D9%88%D9%84%D8%A9-%D9%81%D9%8A-%D8%A3%D8%B1%D8%AC%D8%A7%D8%A1-%D9%85%D8%B9%D8%B1%D8%B6-%D8%A8%D8%B1%D9%8A%D9%85%D9%88%D8%B1%D9%8A-%D9%81%D9%8A%D8%AF%D9%8A%D9%88--1076275903.html',0),(12,'روسيا تقدم إسهاما كبيرا في تطوير السينما العالمية','rwsya-tqdm-ishama-kbyra-fy-ttwyr-alsynma-alealmyt','كد مدير مهرجان موسكو السينمائي الدولي، إيفان كودريافتسيف، اليوم الجمعة، أن روسيا تقدم إسهامًا كبيرًا في تطوير السينما العالمية، لافتًا إلى أن روسيا واحدة من أعمدة السينما في العالم.\nموسكو - سبوتنيك. وقال كودريافتسيف لوكالة \"سبوتنيك\"، على هامش فعاليات مهرجان موسكو السينمائي: \"اليوم، من المستحيل تخيل عالم السينما بمعزل عن روسيا. نحن من أعمدة السينما العالمية؛ نقدم إسهامًا كبيرًا في تطويرها، ولهذا يتم تقديم روسيا دائمًا على أنها قوية جدًا وجديرة\".\nوأضاف، بأنه خلال المهرجان السينمائي لا تنشأ ظروف مصطنعة لضمان فوز الأفلام الروسية: \"كما لاحظتم قد لا تمنح لجنة تحكيم المسابقة الرئيسية الأفلام الروسية،( الجوائز)، لنفترض، مثل هذا العام، لكن هذا لا يعني أنهم تجاهلوها. لقد شاهدوها، تجادلوا بشأنها. وهذا يعني أننا في السياق\".','2023-06-04 15:08:10.408000','2023-06-12 14:19:55.617000','2023-06-04 15:09:15.154000',1,1,NULL,'https://sputnikarabic.ae/20230428/%D8%B1%D9%88%D8%B3%D9%8A%D8%A7-%D8%AA%D9%82%D8%AF%D9%85-%D8%A5%D8%B3%D9%87%D8%A7%D9%85%D8%A7-%D9%83%D8%A8%D9%8A%D8%B1%D8%A7-%D9%81%D9%8A-%D8%AA%D8%B7%D9%88%D9%8A%D8%B1-%D8%A7%D9%84%D8%B3%D9%8A%D9%86%D9%85%D8%A7-%D8%A7%D9%84%D8%B9%D8%A7%D9%84%D9%85%D9%8A%D8%A9-1076404289.html',0),(13,'المقداد: فرض الغرب إجراءات اقتصادية قسرية ضد سوريا فاقم معاناة شعبنا ويجب رفعها','almqdad-frd-alghrb-ijraeat-aqtsadyt-qsryt-dd-swrya-faqm-meanat-shebna-wyjb-rfeha','ونقلت قناة السومرية نيوز، ظهر اليوم الأحد، عن فيصل المقداد، وجود تقدم في المباحثات بين سوريا والعراق، معربا عن شكره للعراقيين على ما قدموه خلال الزلزال الذي وقع في البلاد في السادس من شهر فبراير/شباط الماضي.\nوقال وزير الخارجية السوري:\nأشعر بالاعتزاز في بغداد عمق التاريخ والحضارة، حيث نبذل كل الجهود لتعزيز أواصر العمل مع العراق.\nوأشار فيصل المقداد إلى أن \"المحادثات مع الجانب العراقي كانت بناءة، حيث نعمل على تعزيز سيادة العراق وسوريا\".\nومن جانبه، وصف وزير الخارجية العراقي، فؤاد حسين، العلاقات مع دمشق بـ \"العميقة\"، مؤكدا أن الوضع الإنساني في سوريا صعب جدا، مشيرا إلى وجود مباحثات مستمرة في الإطار الخماسي بشأن الوضع السوري.\nوقال فؤاد حسين:\nإن موقفنا ثابت في دعم الشعب السوري، ونحن سعداء في عودة سوريا إلى مقعدها في الجامعة العربية.\nوشدد فؤاد حسين على أن الوضع في سوريا يحتاج إلى تحرك إقليمي ودولي، معربا عن أمله العمل مع الدول المحيطة من أجل محاربة تجارة المخدرات.','2023-06-04 15:13:13.129000','2023-06-12 14:23:17.239000','2023-06-04 15:13:14.410000',1,1,NULL,'https://sputnikarabic.ae/20230604/%D8%A7%D9%84%D9%85%D9%82%D8%AF%D8%A7%D8%AF-%D9%81%D8%B1%D8%B6-%D8%A7%D9%84%D8%BA%D8%B1%D8%A8-%D8%A5%D8%AC%D8%B1%D8%A7%D8%A1%D8%A7%D8%AA-%D8%A7%D9%82%D8%AA%D8%B5%D8%A7%D8%AF%D9%8A%D8%A9-%D9%82%D8%B3%D8%B1%D9%8A%D8%A9-%D8%B6%D8%AF-%D8%B3%D9%88%D8%B1%D9%8A%D8%A7-%D9%81%D8%A7%D9%82%D9%85-%D9%85%D8%B9%D8%A7%D9%86%D8%A7%D8%A9-%D8%B4%D8%B9%D8%A8%D9%86%D8%A7-%D9%88%D9%8A%D8%AC%D8%A8-%D8%B1%D9%81%D8%B9%D9%87%D8%A7--%D8%B9%D8%A7%D8%AC%D9%84-1077719083.html',1),(14,'بينها تعلم لغة أجنبية.. وزارة تونسية تمنح أطفالا ظهروا وهم يرقصون بأسلحة بيضاء جملة من الامتيازات','bynha-telm-lght-ajnbyt-wzart-twnsyt-tmnh-atfala-zhrwa-whm-yrqswn-baslht-bydae-jmlt-mn-alamtyazat','قررت وزارة تونسية، منح أطفال ظهروا في مقطع فيديو خلف جدلا واسعا وهم يرقصون بالسلاح الأبيض جملة من الامتيازات في محاولة لتشجيعهم على الانخراط في نشاطات مفيدة وتطوير وتنمية قدراتهم الرياضية والعلمية.\nوأعلنت وزارة الأسرة والمرأة والطفولة وكبار السن في بيان، اليوم السبت، نقله التلفزيون الرسمي، منح هؤلاء الأطفال الرعاية النفسية ودمجهم ضمن أنشطة رياضيّة تتماشى مع رغباتهم وتستجيب لتطلعاتهم بهدف تنمية مهاراتهم وصقل مواهبهم مع التكفل بملابسهم الرياضية.\nكما قررت الوزارة منحهم دورات لتعلم لغة أجنبية لمدة سنة وذلك ضمن مبادرة تم الإعلان عنها بعد لقاء وزيرة الأسرة بهؤلاء الأطفال القصر في وقت سابق من الشهر الماضي.\nوظهر مجموعة من الأطفال التونسيين في مقطع فيديو مطلع مايو/آيار الماضي وهم يؤدون أغنية راب مبتذلة ويلوحون بأسلحة بيضاء متنوعة ما أثار جدلا ورفضا واسعين في البلاد.','2023-06-04 15:14:40.649000','2023-06-12 14:18:57.134000','2023-06-04 15:16:56.937000',1,1,NULL,'https://sputnikarabic.ae/20230603/%D8%A8%D9%8A%D9%86%D9%87%D8%A7-%D8%AA%D8%B9%D9%84%D9%85-%D9%84%D8%BA%D8%A9-%D8%A3%D8%AC%D9%86%D8%A8%D9%8A%D8%A9-%D9%88%D8%B2%D8%A7%D8%B1%D8%A9-%D8%AA%D9%88%D9%86%D8%B3%D9%8A%D8%A9-%D8%AA%D9%85%D9%86%D8%AD-%D8%A3%D8%B7%D9%81%D8%A7%D9%84%D8%A7-%D8%B8%D9%87%D8%B1%D9%88%D8%A7-%D9%88%D9%87%D9%85-%D9%8A%D8%B1%D9%82%D8%B5%D9%88%D9%86-%D8%A8%D8%A3%D8%B3%D9%84%D8%AD%D8%A9-%D8%A8%D9%8A%D8%B6%D8%A7%D8%A1-%D8%AC%D9%85%D9%84%D8%A9-%D9%85%D9%86-%D8%A7%D9%84%D8%A7%D9%85%D8%AA%D9%8A%D8%A7%D8%B2%D8%A7%D8%AA-1077713107.html',0);
/*!40000 ALTER TABLE `posts` ENABLE KEYS */;
UNLOCK TABLES;

--
-- Table structure for table `posts_category_links`
--

DROP TABLE IF EXISTS `posts_category_links`;
/*!40101 SET @saved_cs_client     = @@character_set_client */;
/*!50503 SET character_set_client = utf8mb4 */;
CREATE TABLE `posts_category_links` (
  `id` int unsigned NOT NULL AUTO_INCREMENT,
  `post_id` int unsigned DEFAULT NULL,
  `category_id` int unsigned DEFAULT NULL,
  PRIMARY KEY (`id`),
  UNIQUE KEY `posts_category_links_unique` (`post_id`,`category_id`),
  KEY `posts_category_links_fk` (`post_id`),
  KEY `posts_category_links_inv_fk` (`category_id`),
  CONSTRAINT `posts_category_links_fk` FOREIGN KEY (`post_id`) REFERENCES `posts` (`id`) ON DELETE CASCADE,
  CONSTRAINT `posts_category_links_inv_fk` FOREIGN KEY (`category_id`) REFERENCES `categories` (`id`) ON DELETE CASCADE
) ENGINE=InnoDB AUTO_INCREMENT=12 DEFAULT CHARSET=utf8mb4 COLLATE=utf8mb4_0900_ai_ci;
/*!40101 SET character_set_client = @saved_cs_client */;

--
-- Dumping data for table `posts_category_links`
--

LOCK TABLES `posts_category_links` WRITE;
/*!40000 ALTER TABLE `posts_category_links` DISABLE KEYS */;
INSERT INTO `posts_category_links` VALUES (1,4,5),(2,5,5),(3,6,5),(4,7,6),(5,8,6),(6,9,8),(7,10,8),(8,11,7),(9,12,8),(10,13,5),(11,14,8);
/*!40000 ALTER TABLE `posts_category_links` ENABLE KEYS */;
UNLOCK TABLES;

--
-- Table structure for table `posts_user_links`
--

DROP TABLE IF EXISTS `posts_user_links`;
/*!40101 SET @saved_cs_client     = @@character_set_client */;
/*!50503 SET character_set_client = utf8mb4 */;
CREATE TABLE `posts_user_links` (
  `id` int unsigned NOT NULL AUTO_INCREMENT,
  `post_id` int unsigned DEFAULT NULL,
  `user_id` int unsigned DEFAULT NULL,
  `post_order` double unsigned DEFAULT NULL,
  PRIMARY KEY (`id`),
  UNIQUE KEY `posts_user_links_unique` (`post_id`,`user_id`),
  KEY `posts_user_links_fk` (`post_id`),
  KEY `posts_user_links_inv_fk` (`user_id`),
  KEY `posts_user_links_order_inv_fk` (`post_order`),
  CONSTRAINT `posts_user_links_fk` FOREIGN KEY (`post_id`) REFERENCES `posts` (`id`) ON DELETE CASCADE,
  CONSTRAINT `posts_user_links_inv_fk` FOREIGN KEY (`user_id`) REFERENCES `up_users` (`id`) ON DELETE CASCADE
) ENGINE=InnoDB AUTO_INCREMENT=12 DEFAULT CHARSET=utf8mb4 COLLATE=utf8mb4_0900_ai_ci;
/*!40101 SET character_set_client = @saved_cs_client */;

--
-- Dumping data for table `posts_user_links`
--

LOCK TABLES `posts_user_links` WRITE;
/*!40000 ALTER TABLE `posts_user_links` DISABLE KEYS */;
INSERT INTO `posts_user_links` VALUES (1,13,1,1),(2,14,2,1),(3,4,2,2),(4,11,3,1),(5,8,1,2),(6,12,2,3),(7,10,1,3),(8,6,1,4),(9,9,3,2),(10,5,1,5),(11,7,1,6);
/*!40000 ALTER TABLE `posts_user_links` ENABLE KEYS */;
UNLOCK TABLES;

--
-- Table structure for table `settings`
--

DROP TABLE IF EXISTS `settings`;
/*!40101 SET @saved_cs_client     = @@character_set_client */;
/*!50503 SET character_set_client = utf8mb4 */;
CREATE TABLE `settings` (
  `id` int unsigned NOT NULL AUTO_INCREMENT,
  `about` longtext,
  `footer_text` longtext,
  `copywrite_text` varchar(255) DEFAULT NULL,
  `site_title` varchar(255) DEFAULT NULL,
  `site_subtitle` varchar(255) DEFAULT NULL,
  `site_description` longtext,
  `is_dark_default` tinyint(1) DEFAULT NULL,
  `created_at` datetime(6) DEFAULT NULL,
  `updated_at` datetime(6) DEFAULT NULL,
  `created_by_id` int unsigned DEFAULT NULL,
  `updated_by_id` int unsigned DEFAULT NULL,
  PRIMARY KEY (`id`),
  KEY `settings_created_by_id_fk` (`created_by_id`),
  KEY `settings_updated_by_id_fk` (`updated_by_id`),
  CONSTRAINT `settings_created_by_id_fk` FOREIGN KEY (`created_by_id`) REFERENCES `admin_users` (`id`) ON DELETE SET NULL,
  CONSTRAINT `settings_updated_by_id_fk` FOREIGN KEY (`updated_by_id`) REFERENCES `admin_users` (`id`) ON DELETE SET NULL
) ENGINE=InnoDB AUTO_INCREMENT=2 DEFAULT CHARSET=utf8mb4 COLLATE=utf8mb4_0900_ai_ci;
/*!40101 SET character_set_client = @saved_cs_client */;

--
-- Dumping data for table `settings`
--

LOCK TABLES `settings` WRITE;
/*!40000 ALTER TABLE `settings` DISABLE KEYS */;
INSERT INTO `settings` VALUES (1,'مرحبا بكم في موقع الأخبار ، الموقع الذي يقدم لكم أحدث وأدق المعلومات عن ما يحدث في العالم العربي والعالمي. نحن فريق من الصحفيين والمحررين والمترجمين المتخصصين في مجالات مختلفة، نسعى إلى تقديم خدمة إخبارية موثوقة ومتنوعة ومحايدة. نغطي مواضيع سياسية واقتصادية واجتماعية وثقافية ورياضية وتكنولوجية وغيرها،  وبأسلوب سهل وواضح. نهتم بآراء قرائنا ونحترم تعليقاتهم وانتقاداتهم، وندعوهم إلى المشاركة في تحسين محتوى موقعنا. شكرا لزيارتكم ونتمنى لكم قراءة ممتعة.','سعى إلى تقديم خدمة إخبارية موثوقة ومتنوعة ومحايدة. نغطي مواضيع سياسية واقتصادية واجتماعية وثقافية ورياضية وتكنولوجية وغيرها',' © حقوق النشر 2023، جميع الحقوق محفوظة','عنوان الموقع','الموقع الذي يقدم لكم أحدث وأدق المعلومات عن ما يحدث في العالم العربي والعالمي','سعى إلى تقديم خدمة إخبارية موثوقة ومتنوعة ومحايدة. نغطي مواضيع سياسية واقتصادية واجتماعية وثقافية ورياضية وتكنولوجية وغيرها',0,'2023-06-05 15:16:13.893000','2023-06-05 15:16:13.893000',1,1);
/*!40000 ALTER TABLE `settings` ENABLE KEYS */;
UNLOCK TABLES;

--
-- Table structure for table `socials`
--

DROP TABLE IF EXISTS `socials`;
/*!40101 SET @saved_cs_client     = @@character_set_client */;
/*!50503 SET character_set_client = utf8mb4 */;
CREATE TABLE `socials` (
  `id` int unsigned NOT NULL AUTO_INCREMENT,
  `title` varchar(255) DEFAULT NULL,
  `icon` varchar(255) DEFAULT NULL,
  `url` longtext,
  `created_at` datetime(6) DEFAULT NULL,
  `updated_at` datetime(6) DEFAULT NULL,
  `created_by_id` int unsigned DEFAULT NULL,
  `updated_by_id` int unsigned DEFAULT NULL,
  PRIMARY KEY (`id`),
  KEY `socials_created_by_id_fk` (`created_by_id`),
  KEY `socials_updated_by_id_fk` (`updated_by_id`),
  CONSTRAINT `socials_created_by_id_fk` FOREIGN KEY (`created_by_id`) REFERENCES `admin_users` (`id`) ON DELETE SET NULL,
  CONSTRAINT `socials_updated_by_id_fk` FOREIGN KEY (`updated_by_id`) REFERENCES `admin_users` (`id`) ON DELETE SET NULL
) ENGINE=InnoDB AUTO_INCREMENT=7 DEFAULT CHARSET=utf8mb4 COLLATE=utf8mb4_0900_ai_ci;
/*!40101 SET character_set_client = @saved_cs_client */;

--
-- Dumping data for table `socials`
--

LOCK TABLES `socials` WRITE;
/*!40000 ALTER TABLE `socials` DISABLE KEYS */;
INSERT INTO `socials` VALUES (2,'صفحتنا على فيسبوك','Facebook','https://www.facebook.com/','2023-06-05 11:34:43.644000','2023-06-05 11:39:15.226000',1,1),(3,'تابعنا على تويتر','Twitter','https://twitter.com/','2023-06-05 11:35:20.817000','2023-06-05 11:39:40.346000',1,1),(4,'تواصل معنا على لينكدان','LinkedIn','https://linkedin.com/','2023-06-05 11:37:05.226000','2023-06-05 11:39:28.001000',1,1),(5,'تابعنا على أنستغرام','Instagram','https://instagram.com/','2023-06-05 11:37:41.734000','2023-06-05 11:38:23.771000',1,1),(6,'قناتنا على يوتيوب','YouTube','https://www.youtube.com/','2023-06-05 11:38:07.620000','2023-06-05 11:38:07.620000',1,1);
/*!40000 ALTER TABLE `socials` ENABLE KEYS */;
UNLOCK TABLES;

--
-- Table structure for table `strapi_api_token_permissions`
--

DROP TABLE IF EXISTS `strapi_api_token_permissions`;
/*!40101 SET @saved_cs_client     = @@character_set_client */;
/*!50503 SET character_set_client = utf8mb4 */;
CREATE TABLE `strapi_api_token_permissions` (
  `id` int unsigned NOT NULL AUTO_INCREMENT,
  `action` varchar(255) DEFAULT NULL,
  `created_at` datetime(6) DEFAULT NULL,
  `updated_at` datetime(6) DEFAULT NULL,
  `created_by_id` int unsigned DEFAULT NULL,
  `updated_by_id` int unsigned DEFAULT NULL,
  PRIMARY KEY (`id`),
  KEY `strapi_api_token_permissions_created_by_id_fk` (`created_by_id`),
  KEY `strapi_api_token_permissions_updated_by_id_fk` (`updated_by_id`),
  CONSTRAINT `strapi_api_token_permissions_created_by_id_fk` FOREIGN KEY (`created_by_id`) REFERENCES `admin_users` (`id`) ON DELETE SET NULL,
  CONSTRAINT `strapi_api_token_permissions_updated_by_id_fk` FOREIGN KEY (`updated_by_id`) REFERENCES `admin_users` (`id`) ON DELETE SET NULL
) ENGINE=InnoDB AUTO_INCREMENT=2 DEFAULT CHARSET=utf8mb4 COLLATE=utf8mb4_0900_ai_ci;
/*!40101 SET character_set_client = @saved_cs_client */;

--
-- Dumping data for table `strapi_api_token_permissions`
--

LOCK TABLES `strapi_api_token_permissions` WRITE;
/*!40000 ALTER TABLE `strapi_api_token_permissions` DISABLE KEYS */;
INSERT INTO `strapi_api_token_permissions` VALUES (1,'api::post.post.update','2023-06-04 14:34:25.160000','2023-06-04 14:34:25.160000',NULL,NULL);
/*!40000 ALTER TABLE `strapi_api_token_permissions` ENABLE KEYS */;
UNLOCK TABLES;

--
-- Table structure for table `strapi_api_token_permissions_token_links`
--

DROP TABLE IF EXISTS `strapi_api_token_permissions_token_links`;
/*!40101 SET @saved_cs_client     = @@character_set_client */;
/*!50503 SET character_set_client = utf8mb4 */;
CREATE TABLE `strapi_api_token_permissions_token_links` (
  `id` int unsigned NOT NULL AUTO_INCREMENT,
  `api_token_permission_id` int unsigned DEFAULT NULL,
  `api_token_id` int unsigned DEFAULT NULL,
  `api_token_permission_order` double unsigned DEFAULT NULL,
  PRIMARY KEY (`id`),
  UNIQUE KEY `strapi_api_token_permissions_token_links_unique` (`api_token_permission_id`,`api_token_id`),
  KEY `strapi_api_token_permissions_token_links_fk` (`api_token_permission_id`),
  KEY `strapi_api_token_permissions_token_links_inv_fk` (`api_token_id`),
  KEY `strapi_api_token_permissions_token_links_order_inv_fk` (`api_token_permission_order`),
  CONSTRAINT `strapi_api_token_permissions_token_links_fk` FOREIGN KEY (`api_token_permission_id`) REFERENCES `strapi_api_token_permissions` (`id`) ON DELETE CASCADE,
  CONSTRAINT `strapi_api_token_permissions_token_links_inv_fk` FOREIGN KEY (`api_token_id`) REFERENCES `strapi_api_tokens` (`id`) ON DELETE CASCADE
) ENGINE=InnoDB AUTO_INCREMENT=2 DEFAULT CHARSET=utf8mb4 COLLATE=utf8mb4_0900_ai_ci;
/*!40101 SET character_set_client = @saved_cs_client */;

--
-- Dumping data for table `strapi_api_token_permissions_token_links`
--

LOCK TABLES `strapi_api_token_permissions_token_links` WRITE;
/*!40000 ALTER TABLE `strapi_api_token_permissions_token_links` DISABLE KEYS */;
/*!40000 ALTER TABLE `strapi_api_token_permissions_token_links` ENABLE KEYS */;
UNLOCK TABLES;

--
-- Table structure for table `strapi_api_tokens`
--

DROP TABLE IF EXISTS `strapi_api_tokens`;
/*!40101 SET @saved_cs_client     = @@character_set_client */;
/*!50503 SET character_set_client = utf8mb4 */;
CREATE TABLE `strapi_api_tokens` (
  `id` int unsigned NOT NULL AUTO_INCREMENT,
  `name` varchar(255) DEFAULT NULL,
  `description` varchar(255) DEFAULT NULL,
  `type` varchar(255) DEFAULT NULL,
  `access_key` varchar(255) DEFAULT NULL,
  `last_used_at` datetime(6) DEFAULT NULL,
  `expires_at` datetime(6) DEFAULT NULL,
  `lifespan` bigint DEFAULT NULL,
  `created_at` datetime(6) DEFAULT NULL,
  `updated_at` datetime(6) DEFAULT NULL,
  `created_by_id` int unsigned DEFAULT NULL,
  `updated_by_id` int unsigned DEFAULT NULL,
  PRIMARY KEY (`id`),
  KEY `strapi_api_tokens_created_by_id_fk` (`created_by_id`),
  KEY `strapi_api_tokens_updated_by_id_fk` (`updated_by_id`),
  CONSTRAINT `strapi_api_tokens_created_by_id_fk` FOREIGN KEY (`created_by_id`) REFERENCES `admin_users` (`id`) ON DELETE SET NULL,
  CONSTRAINT `strapi_api_tokens_updated_by_id_fk` FOREIGN KEY (`updated_by_id`) REFERENCES `admin_users` (`id`) ON DELETE SET NULL
) ENGINE=InnoDB AUTO_INCREMENT=2 DEFAULT CHARSET=utf8mb4 COLLATE=utf8mb4_0900_ai_ci;
/*!40101 SET character_set_client = @saved_cs_client */;

--
-- Dumping data for table `strapi_api_tokens`
--

LOCK TABLES `strapi_api_tokens` WRITE;
/*!40000 ALTER TABLE `strapi_api_tokens` DISABLE KEYS */;
/*!40000 ALTER TABLE `strapi_api_tokens` ENABLE KEYS */;
UNLOCK TABLES;

--
-- Table structure for table `strapi_core_store_settings`
--

DROP TABLE IF EXISTS `strapi_core_store_settings`;
/*!40101 SET @saved_cs_client     = @@character_set_client */;
/*!50503 SET character_set_client = utf8mb4 */;
CREATE TABLE `strapi_core_store_settings` (
  `id` int unsigned NOT NULL AUTO_INCREMENT,
  `key` varchar(255) DEFAULT NULL,
  `value` longtext,
  `type` varchar(255) DEFAULT NULL,
  `environment` varchar(255) DEFAULT NULL,
  `tag` varchar(255) DEFAULT NULL,
  PRIMARY KEY (`id`)
) ENGINE=InnoDB AUTO_INCREMENT=31 DEFAULT CHARSET=utf8mb4 COLLATE=utf8mb4_0900_ai_ci;
/*!40101 SET character_set_client = @saved_cs_client */;

--
-- Dumping data for table `strapi_core_store_settings`
--

LOCK TABLES `strapi_core_store_settings` WRITE;
/*!40000 ALTER TABLE `strapi_core_store_settings` DISABLE KEYS */;
INSERT INTO `strapi_core_store_settings` VALUES (1,'strapi_content_types_schema','{\"admin::permission\":{\"collectionName\":\"admin_permissions\",\"info\":{\"name\":\"Permission\",\"description\":\"\",\"singularName\":\"permission\",\"pluralName\":\"permissions\",\"displayName\":\"Permission\"},\"options\":{},\"pluginOptions\":{\"content-manager\":{\"visible\":false},\"content-type-builder\":{\"visible\":false}},\"attributes\":{\"action\":{\"type\":\"string\",\"minLength\":1,\"configurable\":false,\"required\":true},\"subject\":{\"type\":\"string\",\"minLength\":1,\"configurable\":false,\"required\":false},\"properties\":{\"type\":\"json\",\"configurable\":false,\"required\":false,\"default\":{}},\"conditions\":{\"type\":\"json\",\"configurable\":false,\"required\":false,\"default\":[]},\"role\":{\"configurable\":false,\"type\":\"relation\",\"relation\":\"manyToOne\",\"inversedBy\":\"permissions\",\"target\":\"admin::role\"},\"createdAt\":{\"type\":\"datetime\"},\"updatedAt\":{\"type\":\"datetime\"},\"createdBy\":{\"type\":\"relation\",\"relation\":\"oneToOne\",\"target\":\"admin::user\",\"configurable\":false,\"writable\":false,\"visible\":false,\"useJoinTable\":false,\"private\":true},\"updatedBy\":{\"type\":\"relation\",\"relation\":\"oneToOne\",\"target\":\"admin::user\",\"configurable\":false,\"writable\":false,\"visible\":false,\"useJoinTable\":false,\"private\":true}},\"kind\":\"collectionType\",\"__schema__\":{\"collectionName\":\"admin_permissions\",\"info\":{\"name\":\"Permission\",\"description\":\"\",\"singularName\":\"permission\",\"pluralName\":\"permissions\",\"displayName\":\"Permission\"},\"options\":{},\"pluginOptions\":{\"content-manager\":{\"visible\":false},\"content-type-builder\":{\"visible\":false}},\"attributes\":{\"action\":{\"type\":\"string\",\"minLength\":1,\"configurable\":false,\"required\":true},\"subject\":{\"type\":\"string\",\"minLength\":1,\"configurable\":false,\"required\":false},\"properties\":{\"type\":\"json\",\"configurable\":false,\"required\":false,\"default\":{}},\"conditions\":{\"type\":\"json\",\"configurable\":false,\"required\":false,\"default\":[]},\"role\":{\"configurable\":false,\"type\":\"relation\",\"relation\":\"manyToOne\",\"inversedBy\":\"permissions\",\"target\":\"admin::role\"}},\"kind\":\"collectionType\"},\"modelType\":\"contentType\",\"modelName\":\"permission\",\"connection\":\"default\",\"uid\":\"admin::permission\",\"plugin\":\"admin\",\"globalId\":\"AdminPermission\"},\"admin::user\":{\"collectionName\":\"admin_users\",\"info\":{\"name\":\"User\",\"description\":\"\",\"singularName\":\"user\",\"pluralName\":\"users\",\"displayName\":\"User\"},\"pluginOptions\":{\"content-manager\":{\"visible\":false},\"content-type-builder\":{\"visible\":false}},\"attributes\":{\"firstname\":{\"type\":\"string\",\"unique\":false,\"minLength\":1,\"configurable\":false,\"required\":false},\"lastname\":{\"type\":\"string\",\"unique\":false,\"minLength\":1,\"configurable\":false,\"required\":false},\"username\":{\"type\":\"string\",\"unique\":false,\"configurable\":false,\"required\":false},\"email\":{\"type\":\"email\",\"minLength\":6,\"configurable\":false,\"required\":true,\"unique\":true,\"private\":true},\"password\":{\"type\":\"password\",\"minLength\":6,\"configurable\":false,\"required\":false,\"private\":true,\"searchable\":false},\"resetPasswordToken\":{\"type\":\"string\",\"configurable\":false,\"private\":true,\"searchable\":false},\"registrationToken\":{\"type\":\"string\",\"configurable\":false,\"private\":true,\"searchable\":false},\"isActive\":{\"type\":\"boolean\",\"default\":false,\"configurable\":false,\"private\":true},\"roles\":{\"configurable\":false,\"private\":true,\"type\":\"relation\",\"relation\":\"manyToMany\",\"inversedBy\":\"users\",\"target\":\"admin::role\",\"collectionName\":\"strapi_users_roles\"},\"blocked\":{\"type\":\"boolean\",\"default\":false,\"configurable\":false,\"private\":true},\"preferedLanguage\":{\"type\":\"string\",\"configurable\":false,\"required\":false,\"searchable\":false},\"createdAt\":{\"type\":\"datetime\"},\"updatedAt\":{\"type\":\"datetime\"},\"createdBy\":{\"type\":\"relation\",\"relation\":\"oneToOne\",\"target\":\"admin::user\",\"configurable\":false,\"writable\":false,\"visible\":false,\"useJoinTable\":false,\"private\":true},\"updatedBy\":{\"type\":\"relation\",\"relation\":\"oneToOne\",\"target\":\"admin::user\",\"configurable\":false,\"writable\":false,\"visible\":false,\"useJoinTable\":false,\"private\":true}},\"kind\":\"collectionType\",\"__schema__\":{\"collectionName\":\"admin_users\",\"info\":{\"name\":\"User\",\"description\":\"\",\"singularName\":\"user\",\"pluralName\":\"users\",\"displayName\":\"User\"},\"pluginOptions\":{\"content-manager\":{\"visible\":false},\"content-type-builder\":{\"visible\":false}},\"attributes\":{\"firstname\":{\"type\":\"string\",\"unique\":false,\"minLength\":1,\"configurable\":false,\"required\":false},\"lastname\":{\"type\":\"string\",\"unique\":false,\"minLength\":1,\"configurable\":false,\"required\":false},\"username\":{\"type\":\"string\",\"unique\":false,\"configurable\":false,\"required\":false},\"email\":{\"type\":\"email\",\"minLength\":6,\"configurable\":false,\"required\":true,\"unique\":true,\"private\":true},\"password\":{\"type\":\"password\",\"minLength\":6,\"configurable\":false,\"required\":false,\"private\":true,\"searchable\":false},\"resetPasswordToken\":{\"type\":\"string\",\"configurable\":false,\"private\":true,\"searchable\":false},\"registrationToken\":{\"type\":\"string\",\"configurable\":false,\"private\":true,\"searchable\":false},\"isActive\":{\"type\":\"boolean\",\"default\":false,\"configurable\":false,\"private\":true},\"roles\":{\"configurable\":false,\"private\":true,\"type\":\"relation\",\"relation\":\"manyToMany\",\"inversedBy\":\"users\",\"target\":\"admin::role\",\"collectionName\":\"strapi_users_roles\"},\"blocked\":{\"type\":\"boolean\",\"default\":false,\"configurable\":false,\"private\":true},\"preferedLanguage\":{\"type\":\"string\",\"configurable\":false,\"required\":false,\"searchable\":false}},\"kind\":\"collectionType\"},\"modelType\":\"contentType\",\"modelName\":\"user\",\"connection\":\"default\",\"uid\":\"admin::user\",\"plugin\":\"admin\",\"globalId\":\"AdminUser\"},\"admin::role\":{\"collectionName\":\"admin_roles\",\"info\":{\"name\":\"Role\",\"description\":\"\",\"singularName\":\"role\",\"pluralName\":\"roles\",\"displayName\":\"Role\"},\"options\":{},\"pluginOptions\":{\"content-manager\":{\"visible\":false},\"content-type-builder\":{\"visible\":false}},\"attributes\":{\"name\":{\"type\":\"string\",\"minLength\":1,\"unique\":true,\"configurable\":false,\"required\":true},\"code\":{\"type\":\"string\",\"minLength\":1,\"unique\":true,\"configurable\":false,\"required\":true},\"description\":{\"type\":\"string\",\"configurable\":false},\"users\":{\"configurable\":false,\"type\":\"relation\",\"relation\":\"manyToMany\",\"mappedBy\":\"roles\",\"target\":\"admin::user\"},\"permissions\":{\"configurable\":false,\"type\":\"relation\",\"relation\":\"oneToMany\",\"mappedBy\":\"role\",\"target\":\"admin::permission\"},\"createdAt\":{\"type\":\"datetime\"},\"updatedAt\":{\"type\":\"datetime\"},\"createdBy\":{\"type\":\"relation\",\"relation\":\"oneToOne\",\"target\":\"admin::user\",\"configurable\":false,\"writable\":false,\"visible\":false,\"useJoinTable\":false,\"private\":true},\"updatedBy\":{\"type\":\"relation\",\"relation\":\"oneToOne\",\"target\":\"admin::user\",\"configurable\":false,\"writable\":false,\"visible\":false,\"useJoinTable\":false,\"private\":true}},\"kind\":\"collectionType\",\"__schema__\":{\"collectionName\":\"admin_roles\",\"info\":{\"name\":\"Role\",\"description\":\"\",\"singularName\":\"role\",\"pluralName\":\"roles\",\"displayName\":\"Role\"},\"options\":{},\"pluginOptions\":{\"content-manager\":{\"visible\":false},\"content-type-builder\":{\"visible\":false}},\"attributes\":{\"name\":{\"type\":\"string\",\"minLength\":1,\"unique\":true,\"configurable\":false,\"required\":true},\"code\":{\"type\":\"string\",\"minLength\":1,\"unique\":true,\"configurable\":false,\"required\":true},\"description\":{\"type\":\"string\",\"configurable\":false},\"users\":{\"configurable\":false,\"type\":\"relation\",\"relation\":\"manyToMany\",\"mappedBy\":\"roles\",\"target\":\"admin::user\"},\"permissions\":{\"configurable\":false,\"type\":\"relation\",\"relation\":\"oneToMany\",\"mappedBy\":\"role\",\"target\":\"admin::permission\"}},\"kind\":\"collectionType\"},\"modelType\":\"contentType\",\"modelName\":\"role\",\"connection\":\"default\",\"uid\":\"admin::role\",\"plugin\":\"admin\",\"globalId\":\"AdminRole\"},\"admin::api-token\":{\"collectionName\":\"strapi_api_tokens\",\"info\":{\"name\":\"Api Token\",\"singularName\":\"api-token\",\"pluralName\":\"api-tokens\",\"displayName\":\"Api Token\",\"description\":\"\"},\"options\":{},\"pluginOptions\":{\"content-manager\":{\"visible\":false},\"content-type-builder\":{\"visible\":false}},\"attributes\":{\"name\":{\"type\":\"string\",\"minLength\":1,\"configurable\":false,\"required\":true,\"unique\":true},\"description\":{\"type\":\"string\",\"minLength\":1,\"configurable\":false,\"required\":false,\"default\":\"\"},\"type\":{\"type\":\"enumeration\",\"enum\":[\"read-only\",\"full-access\",\"custom\"],\"configurable\":false,\"required\":true,\"default\":\"read-only\"},\"accessKey\":{\"type\":\"string\",\"minLength\":1,\"configurable\":false,\"required\":true,\"searchable\":false},\"lastUsedAt\":{\"type\":\"datetime\",\"configurable\":false,\"required\":false},\"permissions\":{\"type\":\"relation\",\"target\":\"admin::api-token-permission\",\"relation\":\"oneToMany\",\"mappedBy\":\"token\",\"configurable\":false,\"required\":false},\"expiresAt\":{\"type\":\"datetime\",\"configurable\":false,\"required\":false},\"lifespan\":{\"type\":\"biginteger\",\"configurable\":false,\"required\":false},\"createdAt\":{\"type\":\"datetime\"},\"updatedAt\":{\"type\":\"datetime\"},\"createdBy\":{\"type\":\"relation\",\"relation\":\"oneToOne\",\"target\":\"admin::user\",\"configurable\":false,\"writable\":false,\"visible\":false,\"useJoinTable\":false,\"private\":true},\"updatedBy\":{\"type\":\"relation\",\"relation\":\"oneToOne\",\"target\":\"admin::user\",\"configurable\":false,\"writable\":false,\"visible\":false,\"useJoinTable\":false,\"private\":true}},\"kind\":\"collectionType\",\"__schema__\":{\"collectionName\":\"strapi_api_tokens\",\"info\":{\"name\":\"Api Token\",\"singularName\":\"api-token\",\"pluralName\":\"api-tokens\",\"displayName\":\"Api Token\",\"description\":\"\"},\"options\":{},\"pluginOptions\":{\"content-manager\":{\"visible\":false},\"content-type-builder\":{\"visible\":false}},\"attributes\":{\"name\":{\"type\":\"string\",\"minLength\":1,\"configurable\":false,\"required\":true,\"unique\":true},\"description\":{\"type\":\"string\",\"minLength\":1,\"configurable\":false,\"required\":false,\"default\":\"\"},\"type\":{\"type\":\"enumeration\",\"enum\":[\"read-only\",\"full-access\",\"custom\"],\"configurable\":false,\"required\":true,\"default\":\"read-only\"},\"accessKey\":{\"type\":\"string\",\"minLength\":1,\"configurable\":false,\"required\":true,\"searchable\":false},\"lastUsedAt\":{\"type\":\"datetime\",\"configurable\":false,\"required\":false},\"permissions\":{\"type\":\"relation\",\"target\":\"admin::api-token-permission\",\"relation\":\"oneToMany\",\"mappedBy\":\"token\",\"configurable\":false,\"required\":false},\"expiresAt\":{\"type\":\"datetime\",\"configurable\":false,\"required\":false},\"lifespan\":{\"type\":\"biginteger\",\"configurable\":false,\"required\":false}},\"kind\":\"collectionType\"},\"modelType\":\"contentType\",\"modelName\":\"api-token\",\"connection\":\"default\",\"uid\":\"admin::api-token\",\"plugin\":\"admin\",\"globalId\":\"AdminApiToken\"},\"admin::api-token-permission\":{\"collectionName\":\"strapi_api_token_permissions\",\"info\":{\"name\":\"API Token Permission\",\"description\":\"\",\"singularName\":\"api-token-permission\",\"pluralName\":\"api-token-permissions\",\"displayName\":\"API Token Permission\"},\"options\":{},\"pluginOptions\":{\"content-manager\":{\"visible\":false},\"content-type-builder\":{\"visible\":false}},\"attributes\":{\"action\":{\"type\":\"string\",\"minLength\":1,\"configurable\":false,\"required\":true},\"token\":{\"configurable\":false,\"type\":\"relation\",\"relation\":\"manyToOne\",\"inversedBy\":\"permissions\",\"target\":\"admin::api-token\"},\"createdAt\":{\"type\":\"datetime\"},\"updatedAt\":{\"type\":\"datetime\"},\"createdBy\":{\"type\":\"relation\",\"relation\":\"oneToOne\",\"target\":\"admin::user\",\"configurable\":false,\"writable\":false,\"visible\":false,\"useJoinTable\":false,\"private\":true},\"updatedBy\":{\"type\":\"relation\",\"relation\":\"oneToOne\",\"target\":\"admin::user\",\"configurable\":false,\"writable\":false,\"visible\":false,\"useJoinTable\":false,\"private\":true}},\"kind\":\"collectionType\",\"__schema__\":{\"collectionName\":\"strapi_api_token_permissions\",\"info\":{\"name\":\"API Token Permission\",\"description\":\"\",\"singularName\":\"api-token-permission\",\"pluralName\":\"api-token-permissions\",\"displayName\":\"API Token Permission\"},\"options\":{},\"pluginOptions\":{\"content-manager\":{\"visible\":false},\"content-type-builder\":{\"visible\":false}},\"attributes\":{\"action\":{\"type\":\"string\",\"minLength\":1,\"configurable\":false,\"required\":true},\"token\":{\"configurable\":false,\"type\":\"relation\",\"relation\":\"manyToOne\",\"inversedBy\":\"permissions\",\"target\":\"admin::api-token\"}},\"kind\":\"collectionType\"},\"modelType\":\"contentType\",\"modelName\":\"api-token-permission\",\"connection\":\"default\",\"uid\":\"admin::api-token-permission\",\"plugin\":\"admin\",\"globalId\":\"AdminApiTokenPermission\"},\"admin::transfer-token\":{\"collectionName\":\"strapi_transfer_tokens\",\"info\":{\"name\":\"Transfer Token\",\"singularName\":\"transfer-token\",\"pluralName\":\"transfer-tokens\",\"displayName\":\"Transfer Token\",\"description\":\"\"},\"options\":{},\"pluginOptions\":{\"content-manager\":{\"visible\":false},\"content-type-builder\":{\"visible\":false}},\"attributes\":{\"name\":{\"type\":\"string\",\"minLength\":1,\"configurable\":false,\"required\":true,\"unique\":true},\"description\":{\"type\":\"string\",\"minLength\":1,\"configurable\":false,\"required\":false,\"default\":\"\"},\"accessKey\":{\"type\":\"string\",\"minLength\":1,\"configurable\":false,\"required\":true},\"lastUsedAt\":{\"type\":\"datetime\",\"configurable\":false,\"required\":false},\"permissions\":{\"type\":\"relation\",\"target\":\"admin::transfer-token-permission\",\"relation\":\"oneToMany\",\"mappedBy\":\"token\",\"configurable\":false,\"required\":false},\"expiresAt\":{\"type\":\"datetime\",\"configurable\":false,\"required\":false},\"lifespan\":{\"type\":\"biginteger\",\"configurable\":false,\"required\":false},\"createdAt\":{\"type\":\"datetime\"},\"updatedAt\":{\"type\":\"datetime\"},\"createdBy\":{\"type\":\"relation\",\"relation\":\"oneToOne\",\"target\":\"admin::user\",\"configurable\":false,\"writable\":false,\"visible\":false,\"useJoinTable\":false,\"private\":true},\"updatedBy\":{\"type\":\"relation\",\"relation\":\"oneToOne\",\"target\":\"admin::user\",\"configurable\":false,\"writable\":false,\"visible\":false,\"useJoinTable\":false,\"private\":true}},\"kind\":\"collectionType\",\"__schema__\":{\"collectionName\":\"strapi_transfer_tokens\",\"info\":{\"name\":\"Transfer Token\",\"singularName\":\"transfer-token\",\"pluralName\":\"transfer-tokens\",\"displayName\":\"Transfer Token\",\"description\":\"\"},\"options\":{},\"pluginOptions\":{\"content-manager\":{\"visible\":false},\"content-type-builder\":{\"visible\":false}},\"attributes\":{\"name\":{\"type\":\"string\",\"minLength\":1,\"configurable\":false,\"required\":true,\"unique\":true},\"description\":{\"type\":\"string\",\"minLength\":1,\"configurable\":false,\"required\":false,\"default\":\"\"},\"accessKey\":{\"type\":\"string\",\"minLength\":1,\"configurable\":false,\"required\":true},\"lastUsedAt\":{\"type\":\"datetime\",\"configurable\":false,\"required\":false},\"permissions\":{\"type\":\"relation\",\"target\":\"admin::transfer-token-permission\",\"relation\":\"oneToMany\",\"mappedBy\":\"token\",\"configurable\":false,\"required\":false},\"expiresAt\":{\"type\":\"datetime\",\"configurable\":false,\"required\":false},\"lifespan\":{\"type\":\"biginteger\",\"configurable\":false,\"required\":false}},\"kind\":\"collectionType\"},\"modelType\":\"contentType\",\"modelName\":\"transfer-token\",\"connection\":\"default\",\"uid\":\"admin::transfer-token\",\"plugin\":\"admin\",\"globalId\":\"AdminTransferToken\"},\"admin::transfer-token-permission\":{\"collectionName\":\"strapi_transfer_token_permissions\",\"info\":{\"name\":\"Transfer Token Permission\",\"description\":\"\",\"singularName\":\"transfer-token-permission\",\"pluralName\":\"transfer-token-permissions\",\"displayName\":\"Transfer Token Permission\"},\"options\":{},\"pluginOptions\":{\"content-manager\":{\"visible\":false},\"content-type-builder\":{\"visible\":false}},\"attributes\":{\"action\":{\"type\":\"string\",\"minLength\":1,\"configurable\":false,\"required\":true},\"token\":{\"configurable\":false,\"type\":\"relation\",\"relation\":\"manyToOne\",\"inversedBy\":\"permissions\",\"target\":\"admin::transfer-token\"},\"createdAt\":{\"type\":\"datetime\"},\"updatedAt\":{\"type\":\"datetime\"},\"createdBy\":{\"type\":\"relation\",\"relation\":\"oneToOne\",\"target\":\"admin::user\",\"configurable\":false,\"writable\":false,\"visible\":false,\"useJoinTable\":false,\"private\":true},\"updatedBy\":{\"type\":\"relation\",\"relation\":\"oneToOne\",\"target\":\"admin::user\",\"configurable\":false,\"writable\":false,\"visible\":false,\"useJoinTable\":false,\"private\":true}},\"kind\":\"collectionType\",\"__schema__\":{\"collectionName\":\"strapi_transfer_token_permissions\",\"info\":{\"name\":\"Transfer Token Permission\",\"description\":\"\",\"singularName\":\"transfer-token-permission\",\"pluralName\":\"transfer-token-permissions\",\"displayName\":\"Transfer Token Permission\"},\"options\":{},\"pluginOptions\":{\"content-manager\":{\"visible\":false},\"content-type-builder\":{\"visible\":false}},\"attributes\":{\"action\":{\"type\":\"string\",\"minLength\":1,\"configurable\":false,\"required\":true},\"token\":{\"configurable\":false,\"type\":\"relation\",\"relation\":\"manyToOne\",\"inversedBy\":\"permissions\",\"target\":\"admin::transfer-token\"}},\"kind\":\"collectionType\"},\"modelType\":\"contentType\",\"modelName\":\"transfer-token-permission\",\"connection\":\"default\",\"uid\":\"admin::transfer-token-permission\",\"plugin\":\"admin\",\"globalId\":\"AdminTransferTokenPermission\"},\"plugin::upload.file\":{\"collectionName\":\"files\",\"info\":{\"singularName\":\"file\",\"pluralName\":\"files\",\"displayName\":\"File\",\"description\":\"\"},\"options\":{},\"pluginOptions\":{\"content-manager\":{\"visible\":false},\"content-type-builder\":{\"visible\":false}},\"attributes\":{\"name\":{\"type\":\"string\",\"configurable\":false,\"required\":true},\"alternativeText\":{\"type\":\"string\",\"configurable\":false},\"caption\":{\"type\":\"string\",\"configurable\":false},\"width\":{\"type\":\"integer\",\"configurable\":false},\"height\":{\"type\":\"integer\",\"configurable\":false},\"formats\":{\"type\":\"json\",\"configurable\":false},\"hash\":{\"type\":\"string\",\"configurable\":false,\"required\":true},\"ext\":{\"type\":\"string\",\"configurable\":false},\"mime\":{\"type\":\"string\",\"configurable\":false,\"required\":true},\"size\":{\"type\":\"decimal\",\"configurable\":false,\"required\":true},\"url\":{\"type\":\"string\",\"configurable\":false,\"required\":true},\"previewUrl\":{\"type\":\"string\",\"configurable\":false},\"provider\":{\"type\":\"string\",\"configurable\":false,\"required\":true},\"provider_metadata\":{\"type\":\"json\",\"configurable\":false},\"related\":{\"type\":\"relation\",\"relation\":\"morphToMany\",\"configurable\":false},\"folder\":{\"type\":\"relation\",\"relation\":\"manyToOne\",\"target\":\"plugin::upload.folder\",\"inversedBy\":\"files\",\"private\":true},\"folderPath\":{\"type\":\"string\",\"min\":1,\"required\":true,\"private\":true,\"searchable\":false},\"createdAt\":{\"type\":\"datetime\"},\"updatedAt\":{\"type\":\"datetime\"},\"createdBy\":{\"type\":\"relation\",\"relation\":\"oneToOne\",\"target\":\"admin::user\",\"configurable\":false,\"writable\":false,\"visible\":false,\"useJoinTable\":false,\"private\":true},\"updatedBy\":{\"type\":\"relation\",\"relation\":\"oneToOne\",\"target\":\"admin::user\",\"configurable\":false,\"writable\":false,\"visible\":false,\"useJoinTable\":false,\"private\":true}},\"indexes\":[{\"name\":\"upload_files_folder_path_index\",\"columns\":[\"folder_path\"],\"type\":null},{\"name\":\"upload_files_created_at_index\",\"columns\":[\"created_at\"],\"type\":null},{\"name\":\"upload_files_updated_at_index\",\"columns\":[\"updated_at\"],\"type\":null},{\"name\":\"upload_files_name_index\",\"columns\":[\"name\"],\"type\":null},{\"name\":\"upload_files_size_index\",\"columns\":[\"size\"],\"type\":null},{\"name\":\"upload_files_ext_index\",\"columns\":[\"ext\"],\"type\":null}],\"kind\":\"collectionType\",\"__schema__\":{\"collectionName\":\"files\",\"info\":{\"singularName\":\"file\",\"pluralName\":\"files\",\"displayName\":\"File\",\"description\":\"\"},\"options\":{},\"pluginOptions\":{\"content-manager\":{\"visible\":false},\"content-type-builder\":{\"visible\":false}},\"attributes\":{\"name\":{\"type\":\"string\",\"configurable\":false,\"required\":true},\"alternativeText\":{\"type\":\"string\",\"configurable\":false},\"caption\":{\"type\":\"string\",\"configurable\":false},\"width\":{\"type\":\"integer\",\"configurable\":false},\"height\":{\"type\":\"integer\",\"configurable\":false},\"formats\":{\"type\":\"json\",\"configurable\":false},\"hash\":{\"type\":\"string\",\"configurable\":false,\"required\":true},\"ext\":{\"type\":\"string\",\"configurable\":false},\"mime\":{\"type\":\"string\",\"configurable\":false,\"required\":true},\"size\":{\"type\":\"decimal\",\"configurable\":false,\"required\":true},\"url\":{\"type\":\"string\",\"configurable\":false,\"required\":true},\"previewUrl\":{\"type\":\"string\",\"configurable\":false},\"provider\":{\"type\":\"string\",\"configurable\":false,\"required\":true},\"provider_metadata\":{\"type\":\"json\",\"configurable\":false},\"related\":{\"type\":\"relation\",\"relation\":\"morphToMany\",\"configurable\":false},\"folder\":{\"type\":\"relation\",\"relation\":\"manyToOne\",\"target\":\"plugin::upload.folder\",\"inversedBy\":\"files\",\"private\":true},\"folderPath\":{\"type\":\"string\",\"min\":1,\"required\":true,\"private\":true,\"searchable\":false}},\"kind\":\"collectionType\"},\"modelType\":\"contentType\",\"modelName\":\"file\",\"connection\":\"default\",\"uid\":\"plugin::upload.file\",\"plugin\":\"upload\",\"globalId\":\"UploadFile\"},\"plugin::upload.folder\":{\"collectionName\":\"upload_folders\",\"info\":{\"singularName\":\"folder\",\"pluralName\":\"folders\",\"displayName\":\"Folder\"},\"options\":{},\"pluginOptions\":{\"content-manager\":{\"visible\":false},\"content-type-builder\":{\"visible\":false}},\"attributes\":{\"name\":{\"type\":\"string\",\"min\":1,\"required\":true},\"pathId\":{\"type\":\"integer\",\"unique\":true,\"required\":true},\"parent\":{\"type\":\"relation\",\"relation\":\"manyToOne\",\"target\":\"plugin::upload.folder\",\"inversedBy\":\"children\"},\"children\":{\"type\":\"relation\",\"relation\":\"oneToMany\",\"target\":\"plugin::upload.folder\",\"mappedBy\":\"parent\"},\"files\":{\"type\":\"relation\",\"relation\":\"oneToMany\",\"target\":\"plugin::upload.file\",\"mappedBy\":\"folder\"},\"path\":{\"type\":\"string\",\"min\":1,\"required\":true},\"createdAt\":{\"type\":\"datetime\"},\"updatedAt\":{\"type\":\"datetime\"},\"createdBy\":{\"type\":\"relation\",\"relation\":\"oneToOne\",\"target\":\"admin::user\",\"configurable\":false,\"writable\":false,\"visible\":false,\"useJoinTable\":false,\"private\":true},\"updatedBy\":{\"type\":\"relation\",\"relation\":\"oneToOne\",\"target\":\"admin::user\",\"configurable\":false,\"writable\":false,\"visible\":false,\"useJoinTable\":false,\"private\":true}},\"indexes\":[{\"name\":\"upload_folders_path_id_index\",\"columns\":[\"path_id\"],\"type\":\"unique\"},{\"name\":\"upload_folders_path_index\",\"columns\":[\"path\"],\"type\":\"unique\"}],\"kind\":\"collectionType\",\"__schema__\":{\"collectionName\":\"upload_folders\",\"info\":{\"singularName\":\"folder\",\"pluralName\":\"folders\",\"displayName\":\"Folder\"},\"options\":{},\"pluginOptions\":{\"content-manager\":{\"visible\":false},\"content-type-builder\":{\"visible\":false}},\"attributes\":{\"name\":{\"type\":\"string\",\"min\":1,\"required\":true},\"pathId\":{\"type\":\"integer\",\"unique\":true,\"required\":true},\"parent\":{\"type\":\"relation\",\"relation\":\"manyToOne\",\"target\":\"plugin::upload.folder\",\"inversedBy\":\"children\"},\"children\":{\"type\":\"relation\",\"relation\":\"oneToMany\",\"target\":\"plugin::upload.folder\",\"mappedBy\":\"parent\"},\"files\":{\"type\":\"relation\",\"relation\":\"oneToMany\",\"target\":\"plugin::upload.file\",\"mappedBy\":\"folder\"},\"path\":{\"type\":\"string\",\"min\":1,\"required\":true}},\"kind\":\"collectionType\"},\"modelType\":\"contentType\",\"modelName\":\"folder\",\"connection\":\"default\",\"uid\":\"plugin::upload.folder\",\"plugin\":\"upload\",\"globalId\":\"UploadFolder\"},\"plugin::i18n.locale\":{\"info\":{\"singularName\":\"locale\",\"pluralName\":\"locales\",\"collectionName\":\"locales\",\"displayName\":\"Locale\",\"description\":\"\"},\"options\":{\"draftAndPublish\":false},\"pluginOptions\":{\"content-manager\":{\"visible\":false},\"content-type-builder\":{\"visible\":false}},\"attributes\":{\"name\":{\"type\":\"string\",\"min\":1,\"max\":50,\"configurable\":false},\"code\":{\"type\":\"string\",\"unique\":true,\"configurable\":false},\"createdAt\":{\"type\":\"datetime\"},\"updatedAt\":{\"type\":\"datetime\"},\"createdBy\":{\"type\":\"relation\",\"relation\":\"oneToOne\",\"target\":\"admin::user\",\"configurable\":false,\"writable\":false,\"visible\":false,\"useJoinTable\":false,\"private\":true},\"updatedBy\":{\"type\":\"relation\",\"relation\":\"oneToOne\",\"target\":\"admin::user\",\"configurable\":false,\"writable\":false,\"visible\":false,\"useJoinTable\":false,\"private\":true}},\"kind\":\"collectionType\",\"__schema__\":{\"info\":{\"singularName\":\"locale\",\"pluralName\":\"locales\",\"collectionName\":\"locales\",\"displayName\":\"Locale\",\"description\":\"\"},\"options\":{\"draftAndPublish\":false},\"pluginOptions\":{\"content-manager\":{\"visible\":false},\"content-type-builder\":{\"visible\":false}},\"attributes\":{\"name\":{\"type\":\"string\",\"min\":1,\"max\":50,\"configurable\":false},\"code\":{\"type\":\"string\",\"unique\":true,\"configurable\":false}},\"kind\":\"collectionType\"},\"modelType\":\"contentType\",\"modelName\":\"locale\",\"connection\":\"default\",\"uid\":\"plugin::i18n.locale\",\"plugin\":\"i18n\",\"collectionName\":\"i18n_locale\",\"globalId\":\"I18NLocale\"},\"plugin::users-permissions.permission\":{\"collectionName\":\"up_permissions\",\"info\":{\"name\":\"permission\",\"description\":\"\",\"singularName\":\"permission\",\"pluralName\":\"permissions\",\"displayName\":\"Permission\"},\"pluginOptions\":{\"content-manager\":{\"visible\":false},\"content-type-builder\":{\"visible\":false}},\"attributes\":{\"action\":{\"type\":\"string\",\"required\":true,\"configurable\":false},\"role\":{\"type\":\"relation\",\"relation\":\"manyToOne\",\"target\":\"plugin::users-permissions.role\",\"inversedBy\":\"permissions\",\"configurable\":false},\"createdAt\":{\"type\":\"datetime\"},\"updatedAt\":{\"type\":\"datetime\"},\"createdBy\":{\"type\":\"relation\",\"relation\":\"oneToOne\",\"target\":\"admin::user\",\"configurable\":false,\"writable\":false,\"visible\":false,\"useJoinTable\":false,\"private\":true},\"updatedBy\":{\"type\":\"relation\",\"relation\":\"oneToOne\",\"target\":\"admin::user\",\"configurable\":false,\"writable\":false,\"visible\":false,\"useJoinTable\":false,\"private\":true}},\"kind\":\"collectionType\",\"__schema__\":{\"collectionName\":\"up_permissions\",\"info\":{\"name\":\"permission\",\"description\":\"\",\"singularName\":\"permission\",\"pluralName\":\"permissions\",\"displayName\":\"Permission\"},\"pluginOptions\":{\"content-manager\":{\"visible\":false},\"content-type-builder\":{\"visible\":false}},\"attributes\":{\"action\":{\"type\":\"string\",\"required\":true,\"configurable\":false},\"role\":{\"type\":\"relation\",\"relation\":\"manyToOne\",\"target\":\"plugin::users-permissions.role\",\"inversedBy\":\"permissions\",\"configurable\":false}},\"kind\":\"collectionType\"},\"modelType\":\"contentType\",\"modelName\":\"permission\",\"connection\":\"default\",\"uid\":\"plugin::users-permissions.permission\",\"plugin\":\"users-permissions\",\"globalId\":\"UsersPermissionsPermission\"},\"plugin::users-permissions.role\":{\"collectionName\":\"up_roles\",\"info\":{\"name\":\"role\",\"description\":\"\",\"singularName\":\"role\",\"pluralName\":\"roles\",\"displayName\":\"Role\"},\"pluginOptions\":{\"content-manager\":{\"visible\":false},\"content-type-builder\":{\"visible\":false}},\"attributes\":{\"name\":{\"type\":\"string\",\"minLength\":3,\"required\":true,\"configurable\":false},\"description\":{\"type\":\"string\",\"configurable\":false},\"type\":{\"type\":\"string\",\"unique\":true,\"configurable\":false},\"permissions\":{\"type\":\"relation\",\"relation\":\"oneToMany\",\"target\":\"plugin::users-permissions.permission\",\"mappedBy\":\"role\",\"configurable\":false},\"users\":{\"type\":\"relation\",\"relation\":\"oneToMany\",\"target\":\"plugin::users-permissions.user\",\"mappedBy\":\"role\",\"configurable\":false},\"createdAt\":{\"type\":\"datetime\"},\"updatedAt\":{\"type\":\"datetime\"},\"createdBy\":{\"type\":\"relation\",\"relation\":\"oneToOne\",\"target\":\"admin::user\",\"configurable\":false,\"writable\":false,\"visible\":false,\"useJoinTable\":false,\"private\":true},\"updatedBy\":{\"type\":\"relation\",\"relation\":\"oneToOne\",\"target\":\"admin::user\",\"configurable\":false,\"writable\":false,\"visible\":false,\"useJoinTable\":false,\"private\":true}},\"kind\":\"collectionType\",\"__schema__\":{\"collectionName\":\"up_roles\",\"info\":{\"name\":\"role\",\"description\":\"\",\"singularName\":\"role\",\"pluralName\":\"roles\",\"displayName\":\"Role\"},\"pluginOptions\":{\"content-manager\":{\"visible\":false},\"content-type-builder\":{\"visible\":false}},\"attributes\":{\"name\":{\"type\":\"string\",\"minLength\":3,\"required\":true,\"configurable\":false},\"description\":{\"type\":\"string\",\"configurable\":false},\"type\":{\"type\":\"string\",\"unique\":true,\"configurable\":false},\"permissions\":{\"type\":\"relation\",\"relation\":\"oneToMany\",\"target\":\"plugin::users-permissions.permission\",\"mappedBy\":\"role\",\"configurable\":false},\"users\":{\"type\":\"relation\",\"relation\":\"oneToMany\",\"target\":\"plugin::users-permissions.user\",\"mappedBy\":\"role\",\"configurable\":false}},\"kind\":\"collectionType\"},\"modelType\":\"contentType\",\"modelName\":\"role\",\"connection\":\"default\",\"uid\":\"plugin::users-permissions.role\",\"plugin\":\"users-permissions\",\"globalId\":\"UsersPermissionsRole\"},\"plugin::users-permissions.user\":{\"collectionName\":\"up_users\",\"info\":{\"name\":\"user\",\"description\":\"\",\"singularName\":\"user\",\"pluralName\":\"users\",\"displayName\":\"User\"},\"options\":{\"draftAndPublish\":false},\"attributes\":{\"username\":{\"type\":\"string\",\"minLength\":3,\"unique\":true,\"configurable\":false,\"required\":true},\"email\":{\"type\":\"email\",\"minLength\":6,\"configurable\":false,\"required\":true},\"provider\":{\"type\":\"string\",\"configurable\":false},\"password\":{\"type\":\"password\",\"minLength\":6,\"configurable\":false,\"private\":true,\"searchable\":false},\"resetPasswordToken\":{\"type\":\"string\",\"configurable\":false,\"private\":true,\"searchable\":false},\"confirmationToken\":{\"type\":\"string\",\"configurable\":false,\"private\":true,\"searchable\":false},\"confirmed\":{\"type\":\"boolean\",\"default\":false,\"configurable\":false},\"blocked\":{\"type\":\"boolean\",\"default\":false,\"configurable\":false},\"role\":{\"type\":\"relation\",\"relation\":\"manyToOne\",\"target\":\"plugin::users-permissions.role\",\"inversedBy\":\"users\",\"configurable\":false},\"fullname\":{\"type\":\"string\",\"required\":true,\"unique\":true},\"posts\":{\"type\":\"relation\",\"relation\":\"oneToMany\",\"target\":\"api::post.post\",\"mappedBy\":\"user\"},\"createdAt\":{\"type\":\"datetime\"},\"updatedAt\":{\"type\":\"datetime\"},\"createdBy\":{\"type\":\"relation\",\"relation\":\"oneToOne\",\"target\":\"admin::user\",\"configurable\":false,\"writable\":false,\"visible\":false,\"useJoinTable\":false,\"private\":true},\"updatedBy\":{\"type\":\"relation\",\"relation\":\"oneToOne\",\"target\":\"admin::user\",\"configurable\":false,\"writable\":false,\"visible\":false,\"useJoinTable\":false,\"private\":true}},\"config\":{\"attributes\":{\"resetPasswordToken\":{\"hidden\":true},\"confirmationToken\":{\"hidden\":true},\"provider\":{\"hidden\":true}}},\"kind\":\"collectionType\",\"__filename__\":\"schema.json\",\"__schema__\":{\"collectionName\":\"up_users\",\"info\":{\"name\":\"user\",\"description\":\"\",\"singularName\":\"user\",\"pluralName\":\"users\",\"displayName\":\"User\"},\"options\":{\"draftAndPublish\":false},\"attributes\":{\"username\":{\"type\":\"string\",\"minLength\":3,\"unique\":true,\"configurable\":false,\"required\":true},\"email\":{\"type\":\"email\",\"minLength\":6,\"configurable\":false,\"required\":true},\"provider\":{\"type\":\"string\",\"configurable\":false},\"password\":{\"type\":\"password\",\"minLength\":6,\"configurable\":false,\"private\":true,\"searchable\":false},\"resetPasswordToken\":{\"type\":\"string\",\"configurable\":false,\"private\":true,\"searchable\":false},\"confirmationToken\":{\"type\":\"string\",\"configurable\":false,\"private\":true,\"searchable\":false},\"confirmed\":{\"type\":\"boolean\",\"default\":false,\"configurable\":false},\"blocked\":{\"type\":\"boolean\",\"default\":false,\"configurable\":false},\"role\":{\"type\":\"relation\",\"relation\":\"manyToOne\",\"target\":\"plugin::users-permissions.role\",\"inversedBy\":\"users\",\"configurable\":false},\"fullname\":{\"type\":\"string\",\"required\":true,\"unique\":true},\"posts\":{\"type\":\"relation\",\"relation\":\"oneToMany\",\"target\":\"api::post.post\",\"mappedBy\":\"user\"}},\"kind\":\"collectionType\"},\"modelType\":\"contentType\",\"modelName\":\"user\",\"connection\":\"default\",\"uid\":\"plugin::users-permissions.user\",\"plugin\":\"users-permissions\",\"globalId\":\"UsersPermissionsUser\"},\"api::category.category\":{\"kind\":\"collectionType\",\"collectionName\":\"categories\",\"info\":{\"singularName\":\"category\",\"pluralName\":\"categories\",\"displayName\":\"Category\",\"description\":\"\"},\"options\":{\"draftAndPublish\":false},\"pluginOptions\":{},\"attributes\":{\"name\":{\"type\":\"string\",\"unique\":true,\"required\":true},\"slug\":{\"type\":\"uid\",\"targetField\":\"name\",\"required\":true},\"icon\":{\"type\":\"string\"},\"createdAt\":{\"type\":\"datetime\"},\"updatedAt\":{\"type\":\"datetime\"},\"createdBy\":{\"type\":\"relation\",\"relation\":\"oneToOne\",\"target\":\"admin::user\",\"configurable\":false,\"writable\":false,\"visible\":false,\"useJoinTable\":false,\"private\":true},\"updatedBy\":{\"type\":\"relation\",\"relation\":\"oneToOne\",\"target\":\"admin::user\",\"configurable\":false,\"writable\":false,\"visible\":false,\"useJoinTable\":false,\"private\":true}},\"__schema__\":{\"collectionName\":\"categories\",\"info\":{\"singularName\":\"category\",\"pluralName\":\"categories\",\"displayName\":\"Category\",\"description\":\"\"},\"options\":{\"draftAndPublish\":false},\"pluginOptions\":{},\"attributes\":{\"name\":{\"type\":\"string\",\"unique\":true,\"required\":true},\"slug\":{\"type\":\"uid\",\"targetField\":\"name\",\"required\":true},\"icon\":{\"type\":\"string\"}},\"kind\":\"collectionType\"},\"modelType\":\"contentType\",\"modelName\":\"category\",\"connection\":\"default\",\"uid\":\"api::category.category\",\"apiName\":\"category\",\"globalId\":\"Category\",\"actions\":{},\"lifecycles\":{}},\"api::contact.contact\":{\"kind\":\"collectionType\",\"collectionName\":\"contacts\",\"info\":{\"singularName\":\"contact\",\"pluralName\":\"contacts\",\"displayName\":\"Contact\"},\"options\":{\"draftAndPublish\":false},\"pluginOptions\":{},\"attributes\":{\"icon\":{\"type\":\"string\",\"required\":true,\"unique\":false},\"title\":{\"type\":\"string\"},\"url\":{\"type\":\"text\",\"required\":false},\"is_social\":{\"type\":\"boolean\",\"default\":false,\"required\":true},\"createdAt\":{\"type\":\"datetime\"},\"updatedAt\":{\"type\":\"datetime\"},\"createdBy\":{\"type\":\"relation\",\"relation\":\"oneToOne\",\"target\":\"admin::user\",\"configurable\":false,\"writable\":false,\"visible\":false,\"useJoinTable\":false,\"private\":true},\"updatedBy\":{\"type\":\"relation\",\"relation\":\"oneToOne\",\"target\":\"admin::user\",\"configurable\":false,\"writable\":false,\"visible\":false,\"useJoinTable\":false,\"private\":true}},\"__schema__\":{\"collectionName\":\"contacts\",\"info\":{\"singularName\":\"contact\",\"pluralName\":\"contacts\",\"displayName\":\"Contact\"},\"options\":{\"draftAndPublish\":false},\"pluginOptions\":{},\"attributes\":{\"icon\":{\"type\":\"string\",\"required\":true,\"unique\":false},\"title\":{\"type\":\"string\"},\"url\":{\"type\":\"text\",\"required\":false},\"is_social\":{\"type\":\"boolean\",\"default\":false,\"required\":true}},\"kind\":\"collectionType\"},\"modelType\":\"contentType\",\"modelName\":\"contact\",\"connection\":\"default\",\"uid\":\"api::contact.contact\",\"apiName\":\"contact\",\"globalId\":\"Contact\",\"actions\":{},\"lifecycles\":{}},\"api::message.message\":{\"kind\":\"collectionType\",\"collectionName\":\"messages\",\"info\":{\"singularName\":\"message\",\"pluralName\":\"messages\",\"displayName\":\"Message\"},\"options\":{\"draftAndPublish\":false},\"pluginOptions\":{},\"attributes\":{\"name\":{\"type\":\"string\",\"required\":true},\"mail\":{\"type\":\"email\"},\"phone\":{\"type\":\"string\"},\"text\":{\"type\":\"text\"},\"title\":{\"type\":\"string\"},\"createdAt\":{\"type\":\"datetime\"},\"updatedAt\":{\"type\":\"datetime\"},\"createdBy\":{\"type\":\"relation\",\"relation\":\"oneToOne\",\"target\":\"admin::user\",\"configurable\":false,\"writable\":false,\"visible\":false,\"useJoinTable\":false,\"private\":true},\"updatedBy\":{\"type\":\"relation\",\"relation\":\"oneToOne\",\"target\":\"admin::user\",\"configurable\":false,\"writable\":false,\"visible\":false,\"useJoinTable\":false,\"private\":true}},\"__schema__\":{\"collectionName\":\"messages\",\"info\":{\"singularName\":\"message\",\"pluralName\":\"messages\",\"displayName\":\"Message\"},\"options\":{\"draftAndPublish\":false},\"pluginOptions\":{},\"attributes\":{\"name\":{\"type\":\"string\",\"required\":true},\"mail\":{\"type\":\"email\"},\"phone\":{\"type\":\"string\"},\"text\":{\"type\":\"text\"},\"title\":{\"type\":\"string\"}},\"kind\":\"collectionType\"},\"modelType\":\"contentType\",\"modelName\":\"message\",\"connection\":\"default\",\"uid\":\"api::message.message\",\"apiName\":\"message\",\"globalId\":\"Message\",\"actions\":{},\"lifecycles\":{}},\"api::post.post\":{\"kind\":\"collectionType\",\"collectionName\":\"posts\",\"info\":{\"singularName\":\"post\",\"pluralName\":\"posts\",\"displayName\":\"Post\",\"description\":\"\"},\"options\":{\"draftAndPublish\":true},\"pluginOptions\":{},\"attributes\":{\"title\":{\"type\":\"string\",\"required\":true,\"unique\":true},\"slug\":{\"type\":\"uid\",\"targetField\":\"title\",\"required\":true},\"content\":{\"type\":\"text\"},\"feature_image\":{\"type\":\"media\",\"multiple\":false,\"required\":true,\"allowedTypes\":[\"images\"]},\"media\":{\"type\":\"media\",\"multiple\":true,\"required\":false,\"allowedTypes\":[\"images\",\"videos\"]},\"read_count\":{\"type\":\"integer\"},\"category\":{\"type\":\"relation\",\"relation\":\"oneToOne\",\"target\":\"api::category.category\"},\"reference\":{\"type\":\"text\",\"maxLength\":1000},\"taxonomies\":{\"type\":\"relation\",\"relation\":\"manyToMany\",\"target\":\"api::taxonomy.taxonomy\",\"mappedBy\":\"posts\"},\"user\":{\"type\":\"relation\",\"relation\":\"manyToOne\",\"target\":\"plugin::users-permissions.user\",\"inversedBy\":\"posts\"},\"is_featured\":{\"type\":\"boolean\",\"default\":false,\"required\":true},\"createdAt\":{\"type\":\"datetime\"},\"updatedAt\":{\"type\":\"datetime\"},\"publishedAt\":{\"type\":\"datetime\",\"configurable\":false,\"writable\":true,\"visible\":false},\"createdBy\":{\"type\":\"relation\",\"relation\":\"oneToOne\",\"target\":\"admin::user\",\"configurable\":false,\"writable\":false,\"visible\":false,\"useJoinTable\":false,\"private\":true},\"updatedBy\":{\"type\":\"relation\",\"relation\":\"oneToOne\",\"target\":\"admin::user\",\"configurable\":false,\"writable\":false,\"visible\":false,\"useJoinTable\":false,\"private\":true}},\"__schema__\":{\"collectionName\":\"posts\",\"info\":{\"singularName\":\"post\",\"pluralName\":\"posts\",\"displayName\":\"Post\",\"description\":\"\"},\"options\":{\"draftAndPublish\":true},\"pluginOptions\":{},\"attributes\":{\"title\":{\"type\":\"string\",\"required\":true,\"unique\":true},\"slug\":{\"type\":\"uid\",\"targetField\":\"title\",\"required\":true},\"content\":{\"type\":\"text\"},\"feature_image\":{\"type\":\"media\",\"multiple\":false,\"required\":true,\"allowedTypes\":[\"images\"]},\"media\":{\"type\":\"media\",\"multiple\":true,\"required\":false,\"allowedTypes\":[\"images\",\"videos\"]},\"read_count\":{\"type\":\"integer\"},\"category\":{\"type\":\"relation\",\"relation\":\"oneToOne\",\"target\":\"api::category.category\"},\"reference\":{\"type\":\"text\",\"maxLength\":1000},\"taxonomies\":{\"type\":\"relation\",\"relation\":\"manyToMany\",\"target\":\"api::taxonomy.taxonomy\",\"mappedBy\":\"posts\"},\"user\":{\"type\":\"relation\",\"relation\":\"manyToOne\",\"target\":\"plugin::users-permissions.user\",\"inversedBy\":\"posts\"},\"is_featured\":{\"type\":\"boolean\",\"default\":false,\"required\":true}},\"kind\":\"collectionType\"},\"modelType\":\"contentType\",\"modelName\":\"post\",\"connection\":\"default\",\"uid\":\"api::post.post\",\"apiName\":\"post\",\"globalId\":\"Post\",\"actions\":{},\"lifecycles\":{}},\"api::setting.setting\":{\"kind\":\"singleType\",\"collectionName\":\"settings\",\"info\":{\"singularName\":\"setting\",\"pluralName\":\"settings\",\"displayName\":\"Setting\"},\"options\":{\"draftAndPublish\":false},\"pluginOptions\":{},\"attributes\":{\"about\":{\"type\":\"text\",\"required\":true},\"footer_text\":{\"type\":\"text\"},\"copywrite_text\":{\"type\":\"string\"},\"site_title\":{\"type\":\"string\",\"required\":true},\"site_subtitle\":{\"type\":\"string\"},\"site_description\":{\"type\":\"text\"},\"header_image\":{\"allowedTypes\":[\"images\"],\"type\":\"media\",\"multiple\":false,\"required\":true},\"about_image\":{\"allowedTypes\":[\"images\"],\"type\":\"media\",\"multiple\":false,\"required\":true},\"is_dark_default\":{\"type\":\"boolean\",\"default\":false,\"required\":false},\"logo\":{\"allowedTypes\":[\"images\"],\"type\":\"media\",\"multiple\":false,\"required\":true},\"createdAt\":{\"type\":\"datetime\"},\"updatedAt\":{\"type\":\"datetime\"},\"createdBy\":{\"type\":\"relation\",\"relation\":\"oneToOne\",\"target\":\"admin::user\",\"configurable\":false,\"writable\":false,\"visible\":false,\"useJoinTable\":false,\"private\":true},\"updatedBy\":{\"type\":\"relation\",\"relation\":\"oneToOne\",\"target\":\"admin::user\",\"configurable\":false,\"writable\":false,\"visible\":false,\"useJoinTable\":false,\"private\":true}},\"__schema__\":{\"collectionName\":\"settings\",\"info\":{\"singularName\":\"setting\",\"pluralName\":\"settings\",\"displayName\":\"Setting\"},\"options\":{\"draftAndPublish\":false},\"pluginOptions\":{},\"attributes\":{\"about\":{\"type\":\"text\",\"required\":true},\"footer_text\":{\"type\":\"text\"},\"copywrite_text\":{\"type\":\"string\"},\"site_title\":{\"type\":\"string\",\"required\":true},\"site_subtitle\":{\"type\":\"string\"},\"site_description\":{\"type\":\"text\"},\"header_image\":{\"allowedTypes\":[\"images\"],\"type\":\"media\",\"multiple\":false,\"required\":true},\"about_image\":{\"allowedTypes\":[\"images\"],\"type\":\"media\",\"multiple\":false,\"required\":true},\"is_dark_default\":{\"type\":\"boolean\",\"default\":false,\"required\":false},\"logo\":{\"allowedTypes\":[\"images\"],\"type\":\"media\",\"multiple\":false,\"required\":true}},\"kind\":\"singleType\"},\"modelType\":\"contentType\",\"modelName\":\"setting\",\"connection\":\"default\",\"uid\":\"api::setting.setting\",\"apiName\":\"setting\",\"globalId\":\"Setting\",\"actions\":{},\"lifecycles\":{}},\"api::social.social\":{\"kind\":\"collectionType\",\"collectionName\":\"socials\",\"info\":{\"singularName\":\"social\",\"pluralName\":\"socials\",\"displayName\":\"Social\",\"description\":\"\"},\"options\":{\"draftAndPublish\":false},\"pluginOptions\":{},\"attributes\":{\"title\":{\"type\":\"string\",\"required\":true,\"unique\":true},\"icon\":{\"type\":\"string\",\"required\":true},\"url\":{\"type\":\"text\"},\"createdAt\":{\"type\":\"datetime\"},\"updatedAt\":{\"type\":\"datetime\"},\"createdBy\":{\"type\":\"relation\",\"relation\":\"oneToOne\",\"target\":\"admin::user\",\"configurable\":false,\"writable\":false,\"visible\":false,\"useJoinTable\":false,\"private\":true},\"updatedBy\":{\"type\":\"relation\",\"relation\":\"oneToOne\",\"target\":\"admin::user\",\"configurable\":false,\"writable\":false,\"visible\":false,\"useJoinTable\":false,\"private\":true}},\"__schema__\":{\"collectionName\":\"socials\",\"info\":{\"singularName\":\"social\",\"pluralName\":\"socials\",\"displayName\":\"Social\",\"description\":\"\"},\"options\":{\"draftAndPublish\":false},\"pluginOptions\":{},\"attributes\":{\"title\":{\"type\":\"string\",\"required\":true,\"unique\":true},\"icon\":{\"type\":\"string\",\"required\":true},\"url\":{\"type\":\"text\"}},\"kind\":\"collectionType\"},\"modelType\":\"contentType\",\"modelName\":\"social\",\"connection\":\"default\",\"uid\":\"api::social.social\",\"apiName\":\"social\",\"globalId\":\"Social\",\"actions\":{},\"lifecycles\":{}},\"api::taxonomy.taxonomy\":{\"kind\":\"collectionType\",\"collectionName\":\"taxonomies\",\"info\":{\"singularName\":\"taxonomy\",\"pluralName\":\"taxonomies\",\"displayName\":\"Taxonomy\"},\"options\":{\"draftAndPublish\":false},\"pluginOptions\":{},\"attributes\":{\"name\":{\"type\":\"string\",\"required\":true},\"slug\":{\"type\":\"uid\",\"targetField\":\"name\",\"required\":true},\"posts\":{\"type\":\"relation\",\"relation\":\"manyToMany\",\"target\":\"api::post.post\",\"inversedBy\":\"taxonomies\"},\"createdAt\":{\"type\":\"datetime\"},\"updatedAt\":{\"type\":\"datetime\"},\"createdBy\":{\"type\":\"relation\",\"relation\":\"oneToOne\",\"target\":\"admin::user\",\"configurable\":false,\"writable\":false,\"visible\":false,\"useJoinTable\":false,\"private\":true},\"updatedBy\":{\"type\":\"relation\",\"relation\":\"oneToOne\",\"target\":\"admin::user\",\"configurable\":false,\"writable\":false,\"visible\":false,\"useJoinTable\":false,\"private\":true}},\"__schema__\":{\"collectionName\":\"taxonomies\",\"info\":{\"singularName\":\"taxonomy\",\"pluralName\":\"taxonomies\",\"displayName\":\"Taxonomy\"},\"options\":{\"draftAndPublish\":false},\"pluginOptions\":{},\"attributes\":{\"name\":{\"type\":\"string\",\"required\":true},\"slug\":{\"type\":\"uid\",\"targetField\":\"name\",\"required\":true},\"posts\":{\"type\":\"relation\",\"relation\":\"manyToMany\",\"target\":\"api::post.post\",\"inversedBy\":\"taxonomies\"}},\"kind\":\"collectionType\"},\"modelType\":\"contentType\",\"modelName\":\"taxonomy\",\"connection\":\"default\",\"uid\":\"api::taxonomy.taxonomy\",\"apiName\":\"taxonomy\",\"globalId\":\"Taxonomy\",\"actions\":{},\"lifecycles\":{}}}','object',NULL,NULL),(2,'plugin_content_manager_configuration_content_types::admin::user','{\"uid\":\"admin::user\",\"settings\":{\"bulkable\":true,\"filterable\":true,\"searchable\":true,\"pageSize\":10,\"mainField\":\"firstname\",\"defaultSortBy\":\"firstname\",\"defaultSortOrder\":\"ASC\"},\"metadatas\":{\"id\":{\"edit\":{},\"list\":{\"label\":\"id\",\"searchable\":true,\"sortable\":true}},\"firstname\":{\"edit\":{\"label\":\"firstname\",\"description\":\"\",\"placeholder\":\"\",\"visible\":true,\"editable\":true},\"list\":{\"label\":\"firstname\",\"searchable\":true,\"sortable\":true}},\"lastname\":{\"edit\":{\"label\":\"lastname\",\"description\":\"\",\"placeholder\":\"\",\"visible\":true,\"editable\":true},\"list\":{\"label\":\"lastname\",\"searchable\":true,\"sortable\":true}},\"username\":{\"edit\":{\"label\":\"username\",\"description\":\"\",\"placeholder\":\"\",\"visible\":true,\"editable\":true},\"list\":{\"label\":\"username\",\"searchable\":true,\"sortable\":true}},\"email\":{\"edit\":{\"label\":\"email\",\"description\":\"\",\"placeholder\":\"\",\"visible\":true,\"editable\":true},\"list\":{\"label\":\"email\",\"searchable\":true,\"sortable\":true}},\"password\":{\"edit\":{\"label\":\"password\",\"description\":\"\",\"placeholder\":\"\",\"visible\":true,\"editable\":true},\"list\":{\"label\":\"password\",\"searchable\":true,\"sortable\":true}},\"resetPasswordToken\":{\"edit\":{\"label\":\"resetPasswordToken\",\"description\":\"\",\"placeholder\":\"\",\"visible\":true,\"editable\":true},\"list\":{\"label\":\"resetPasswordToken\",\"searchable\":true,\"sortable\":true}},\"registrationToken\":{\"edit\":{\"label\":\"registrationToken\",\"description\":\"\",\"placeholder\":\"\",\"visible\":true,\"editable\":true},\"list\":{\"label\":\"registrationToken\",\"searchable\":true,\"sortable\":true}},\"isActive\":{\"edit\":{\"label\":\"isActive\",\"description\":\"\",\"placeholder\":\"\",\"visible\":true,\"editable\":true},\"list\":{\"label\":\"isActive\",\"searchable\":true,\"sortable\":true}},\"roles\":{\"edit\":{\"label\":\"roles\",\"description\":\"\",\"placeholder\":\"\",\"visible\":true,\"editable\":true,\"mainField\":\"name\"},\"list\":{\"label\":\"roles\",\"searchable\":false,\"sortable\":false}},\"blocked\":{\"edit\":{\"label\":\"blocked\",\"description\":\"\",\"placeholder\":\"\",\"visible\":true,\"editable\":true},\"list\":{\"label\":\"blocked\",\"searchable\":true,\"sortable\":true}},\"preferedLanguage\":{\"edit\":{\"label\":\"preferedLanguage\",\"description\":\"\",\"placeholder\":\"\",\"visible\":true,\"editable\":true},\"list\":{\"label\":\"preferedLanguage\",\"searchable\":true,\"sortable\":true}},\"createdAt\":{\"edit\":{\"label\":\"createdAt\",\"description\":\"\",\"placeholder\":\"\",\"visible\":false,\"editable\":true},\"list\":{\"label\":\"createdAt\",\"searchable\":true,\"sortable\":true}},\"updatedAt\":{\"edit\":{\"label\":\"updatedAt\",\"description\":\"\",\"placeholder\":\"\",\"visible\":false,\"editable\":true},\"list\":{\"label\":\"updatedAt\",\"searchable\":true,\"sortable\":true}}},\"layouts\":{\"list\":[\"id\",\"firstname\",\"lastname\",\"username\"],\"edit\":[[{\"name\":\"firstname\",\"size\":6},{\"name\":\"lastname\",\"size\":6}],[{\"name\":\"username\",\"size\":6},{\"name\":\"email\",\"size\":6}],[{\"name\":\"password\",\"size\":6},{\"name\":\"resetPasswordToken\",\"size\":6}],[{\"name\":\"registrationToken\",\"size\":6},{\"name\":\"isActive\",\"size\":4}],[{\"name\":\"roles\",\"size\":6},{\"name\":\"blocked\",\"size\":4}],[{\"name\":\"preferedLanguage\",\"size\":6}]]}}','object',NULL,NULL),(3,'plugin_content_manager_configuration_content_types::admin::role','{\"uid\":\"admin::role\",\"settings\":{\"bulkable\":true,\"filterable\":true,\"searchable\":true,\"pageSize\":10,\"mainField\":\"name\",\"defaultSortBy\":\"name\",\"defaultSortOrder\":\"ASC\"},\"metadatas\":{\"id\":{\"edit\":{},\"list\":{\"label\":\"id\",\"searchable\":true,\"sortable\":true}},\"name\":{\"edit\":{\"label\":\"name\",\"description\":\"\",\"placeholder\":\"\",\"visible\":true,\"editable\":true},\"list\":{\"label\":\"name\",\"searchable\":true,\"sortable\":true}},\"code\":{\"edit\":{\"label\":\"code\",\"description\":\"\",\"placeholder\":\"\",\"visible\":true,\"editable\":true},\"list\":{\"label\":\"code\",\"searchable\":true,\"sortable\":true}},\"description\":{\"edit\":{\"label\":\"description\",\"description\":\"\",\"placeholder\":\"\",\"visible\":true,\"editable\":true},\"list\":{\"label\":\"description\",\"searchable\":true,\"sortable\":true}},\"users\":{\"edit\":{\"label\":\"users\",\"description\":\"\",\"placeholder\":\"\",\"visible\":true,\"editable\":true,\"mainField\":\"firstname\"},\"list\":{\"label\":\"users\",\"searchable\":false,\"sortable\":false}},\"permissions\":{\"edit\":{\"label\":\"permissions\",\"description\":\"\",\"placeholder\":\"\",\"visible\":true,\"editable\":true,\"mainField\":\"action\"},\"list\":{\"label\":\"permissions\",\"searchable\":false,\"sortable\":false}},\"createdAt\":{\"edit\":{\"label\":\"createdAt\",\"description\":\"\",\"placeholder\":\"\",\"visible\":false,\"editable\":true},\"list\":{\"label\":\"createdAt\",\"searchable\":true,\"sortable\":true}},\"updatedAt\":{\"edit\":{\"label\":\"updatedAt\",\"description\":\"\",\"placeholder\":\"\",\"visible\":false,\"editable\":true},\"list\":{\"label\":\"updatedAt\",\"searchable\":true,\"sortable\":true}}},\"layouts\":{\"list\":[\"id\",\"name\",\"code\",\"description\"],\"edit\":[[{\"name\":\"name\",\"size\":6},{\"name\":\"code\",\"size\":6}],[{\"name\":\"description\",\"size\":6},{\"name\":\"users\",\"size\":6}],[{\"name\":\"permissions\",\"size\":6}]]}}','object',NULL,NULL),(4,'plugin_content_manager_configuration_content_types::admin::api-token','{\"uid\":\"admin::api-token\",\"settings\":{\"bulkable\":true,\"filterable\":true,\"searchable\":true,\"pageSize\":10,\"mainField\":\"name\",\"defaultSortBy\":\"name\",\"defaultSortOrder\":\"ASC\"},\"metadatas\":{\"id\":{\"edit\":{},\"list\":{\"label\":\"id\",\"searchable\":true,\"sortable\":true}},\"name\":{\"edit\":{\"label\":\"name\",\"description\":\"\",\"placeholder\":\"\",\"visible\":true,\"editable\":true},\"list\":{\"label\":\"name\",\"searchable\":true,\"sortable\":true}},\"description\":{\"edit\":{\"label\":\"description\",\"description\":\"\",\"placeholder\":\"\",\"visible\":true,\"editable\":true},\"list\":{\"label\":\"description\",\"searchable\":true,\"sortable\":true}},\"type\":{\"edit\":{\"label\":\"type\",\"description\":\"\",\"placeholder\":\"\",\"visible\":true,\"editable\":true},\"list\":{\"label\":\"type\",\"searchable\":true,\"sortable\":true}},\"accessKey\":{\"edit\":{\"label\":\"accessKey\",\"description\":\"\",\"placeholder\":\"\",\"visible\":true,\"editable\":true},\"list\":{\"label\":\"accessKey\",\"searchable\":true,\"sortable\":true}},\"lastUsedAt\":{\"edit\":{\"label\":\"lastUsedAt\",\"description\":\"\",\"placeholder\":\"\",\"visible\":true,\"editable\":true},\"list\":{\"label\":\"lastUsedAt\",\"searchable\":true,\"sortable\":true}},\"permissions\":{\"edit\":{\"label\":\"permissions\",\"description\":\"\",\"placeholder\":\"\",\"visible\":true,\"editable\":true,\"mainField\":\"action\"},\"list\":{\"label\":\"permissions\",\"searchable\":false,\"sortable\":false}},\"expiresAt\":{\"edit\":{\"label\":\"expiresAt\",\"description\":\"\",\"placeholder\":\"\",\"visible\":true,\"editable\":true},\"list\":{\"label\":\"expiresAt\",\"searchable\":true,\"sortable\":true}},\"lifespan\":{\"edit\":{\"label\":\"lifespan\",\"description\":\"\",\"placeholder\":\"\",\"visible\":true,\"editable\":true},\"list\":{\"label\":\"lifespan\",\"searchable\":true,\"sortable\":true}},\"createdAt\":{\"edit\":{\"label\":\"createdAt\",\"description\":\"\",\"placeholder\":\"\",\"visible\":false,\"editable\":true},\"list\":{\"label\":\"createdAt\",\"searchable\":true,\"sortable\":true}},\"updatedAt\":{\"edit\":{\"label\":\"updatedAt\",\"description\":\"\",\"placeholder\":\"\",\"visible\":false,\"editable\":true},\"list\":{\"label\":\"updatedAt\",\"searchable\":true,\"sortable\":true}}},\"layouts\":{\"list\":[\"id\",\"name\",\"description\",\"type\"],\"edit\":[[{\"name\":\"name\",\"size\":6},{\"name\":\"description\",\"size\":6}],[{\"name\":\"type\",\"size\":6},{\"name\":\"accessKey\",\"size\":6}],[{\"name\":\"lastUsedAt\",\"size\":6},{\"name\":\"permissions\",\"size\":6}],[{\"name\":\"expiresAt\",\"size\":6},{\"name\":\"lifespan\",\"size\":4}]]}}','object',NULL,NULL),(5,'plugin_content_manager_configuration_content_types::admin::api-token-permission','{\"uid\":\"admin::api-token-permission\",\"settings\":{\"bulkable\":true,\"filterable\":true,\"searchable\":true,\"pageSize\":10,\"mainField\":\"action\",\"defaultSortBy\":\"action\",\"defaultSortOrder\":\"ASC\"},\"metadatas\":{\"id\":{\"edit\":{},\"list\":{\"label\":\"id\",\"searchable\":true,\"sortable\":true}},\"action\":{\"edit\":{\"label\":\"action\",\"description\":\"\",\"placeholder\":\"\",\"visible\":true,\"editable\":true},\"list\":{\"label\":\"action\",\"searchable\":true,\"sortable\":true}},\"token\":{\"edit\":{\"label\":\"token\",\"description\":\"\",\"placeholder\":\"\",\"visible\":true,\"editable\":true,\"mainField\":\"name\"},\"list\":{\"label\":\"token\",\"searchable\":true,\"sortable\":true}},\"createdAt\":{\"edit\":{\"label\":\"createdAt\",\"description\":\"\",\"placeholder\":\"\",\"visible\":false,\"editable\":true},\"list\":{\"label\":\"createdAt\",\"searchable\":true,\"sortable\":true}},\"updatedAt\":{\"edit\":{\"label\":\"updatedAt\",\"description\":\"\",\"placeholder\":\"\",\"visible\":false,\"editable\":true},\"list\":{\"label\":\"updatedAt\",\"searchable\":true,\"sortable\":true}}},\"layouts\":{\"list\":[\"id\",\"action\",\"token\",\"createdAt\"],\"edit\":[[{\"name\":\"action\",\"size\":6},{\"name\":\"token\",\"size\":6}]]}}','object',NULL,NULL),(6,'plugin_content_manager_configuration_content_types::admin::transfer-token','{\"uid\":\"admin::transfer-token\",\"settings\":{\"bulkable\":true,\"filterable\":true,\"searchable\":true,\"pageSize\":10,\"mainField\":\"name\",\"defaultSortBy\":\"name\",\"defaultSortOrder\":\"ASC\"},\"metadatas\":{\"id\":{\"edit\":{},\"list\":{\"label\":\"id\",\"searchable\":true,\"sortable\":true}},\"name\":{\"edit\":{\"label\":\"name\",\"description\":\"\",\"placeholder\":\"\",\"visible\":true,\"editable\":true},\"list\":{\"label\":\"name\",\"searchable\":true,\"sortable\":true}},\"description\":{\"edit\":{\"label\":\"description\",\"description\":\"\",\"placeholder\":\"\",\"visible\":true,\"editable\":true},\"list\":{\"label\":\"description\",\"searchable\":true,\"sortable\":true}},\"accessKey\":{\"edit\":{\"label\":\"accessKey\",\"description\":\"\",\"placeholder\":\"\",\"visible\":true,\"editable\":true},\"list\":{\"label\":\"accessKey\",\"searchable\":true,\"sortable\":true}},\"lastUsedAt\":{\"edit\":{\"label\":\"lastUsedAt\",\"description\":\"\",\"placeholder\":\"\",\"visible\":true,\"editable\":true},\"list\":{\"label\":\"lastUsedAt\",\"searchable\":true,\"sortable\":true}},\"permissions\":{\"edit\":{\"label\":\"permissions\",\"description\":\"\",\"placeholder\":\"\",\"visible\":true,\"editable\":true,\"mainField\":\"action\"},\"list\":{\"label\":\"permissions\",\"searchable\":false,\"sortable\":false}},\"expiresAt\":{\"edit\":{\"label\":\"expiresAt\",\"description\":\"\",\"placeholder\":\"\",\"visible\":true,\"editable\":true},\"list\":{\"label\":\"expiresAt\",\"searchable\":true,\"sortable\":true}},\"lifespan\":{\"edit\":{\"label\":\"lifespan\",\"description\":\"\",\"placeholder\":\"\",\"visible\":true,\"editable\":true},\"list\":{\"label\":\"lifespan\",\"searchable\":true,\"sortable\":true}},\"createdAt\":{\"edit\":{\"label\":\"createdAt\",\"description\":\"\",\"placeholder\":\"\",\"visible\":false,\"editable\":true},\"list\":{\"label\":\"createdAt\",\"searchable\":true,\"sortable\":true}},\"updatedAt\":{\"edit\":{\"label\":\"updatedAt\",\"description\":\"\",\"placeholder\":\"\",\"visible\":false,\"editable\":true},\"list\":{\"label\":\"updatedAt\",\"searchable\":true,\"sortable\":true}}},\"layouts\":{\"list\":[\"id\",\"name\",\"description\",\"accessKey\"],\"edit\":[[{\"name\":\"name\",\"size\":6},{\"name\":\"description\",\"size\":6}],[{\"name\":\"accessKey\",\"size\":6},{\"name\":\"lastUsedAt\",\"size\":6}],[{\"name\":\"permissions\",\"size\":6},{\"name\":\"expiresAt\",\"size\":6}],[{\"name\":\"lifespan\",\"size\":4}]]}}','object',NULL,NULL),(7,'plugin_content_manager_configuration_content_types::admin::transfer-token-permission','{\"uid\":\"admin::transfer-token-permission\",\"settings\":{\"bulkable\":true,\"filterable\":true,\"searchable\":true,\"pageSize\":10,\"mainField\":\"action\",\"defaultSortBy\":\"action\",\"defaultSortOrder\":\"ASC\"},\"metadatas\":{\"id\":{\"edit\":{},\"list\":{\"label\":\"id\",\"searchable\":true,\"sortable\":true}},\"action\":{\"edit\":{\"label\":\"action\",\"description\":\"\",\"placeholder\":\"\",\"visible\":true,\"editable\":true},\"list\":{\"label\":\"action\",\"searchable\":true,\"sortable\":true}},\"token\":{\"edit\":{\"label\":\"token\",\"description\":\"\",\"placeholder\":\"\",\"visible\":true,\"editable\":true,\"mainField\":\"name\"},\"list\":{\"label\":\"token\",\"searchable\":true,\"sortable\":true}},\"createdAt\":{\"edit\":{\"label\":\"createdAt\",\"description\":\"\",\"placeholder\":\"\",\"visible\":false,\"editable\":true},\"list\":{\"label\":\"createdAt\",\"searchable\":true,\"sortable\":true}},\"updatedAt\":{\"edit\":{\"label\":\"updatedAt\",\"description\":\"\",\"placeholder\":\"\",\"visible\":false,\"editable\":true},\"list\":{\"label\":\"updatedAt\",\"searchable\":true,\"sortable\":true}}},\"layouts\":{\"list\":[\"id\",\"action\",\"token\",\"createdAt\"],\"edit\":[[{\"name\":\"action\",\"size\":6},{\"name\":\"token\",\"size\":6}]]}}','object',NULL,NULL),(8,'plugin_content_manager_configuration_content_types::plugin::upload.file','{\"uid\":\"plugin::upload.file\",\"settings\":{\"bulkable\":true,\"filterable\":true,\"searchable\":true,\"pageSize\":10,\"mainField\":\"name\",\"defaultSortBy\":\"name\",\"defaultSortOrder\":\"ASC\"},\"metadatas\":{\"id\":{\"edit\":{},\"list\":{\"label\":\"id\",\"searchable\":true,\"sortable\":true}},\"name\":{\"edit\":{\"label\":\"name\",\"description\":\"\",\"placeholder\":\"\",\"visible\":true,\"editable\":true},\"list\":{\"label\":\"name\",\"searchable\":true,\"sortable\":true}},\"alternativeText\":{\"edit\":{\"label\":\"alternativeText\",\"description\":\"\",\"placeholder\":\"\",\"visible\":true,\"editable\":true},\"list\":{\"label\":\"alternativeText\",\"searchable\":true,\"sortable\":true}},\"caption\":{\"edit\":{\"label\":\"caption\",\"description\":\"\",\"placeholder\":\"\",\"visible\":true,\"editable\":true},\"list\":{\"label\":\"caption\",\"searchable\":true,\"sortable\":true}},\"width\":{\"edit\":{\"label\":\"width\",\"description\":\"\",\"placeholder\":\"\",\"visible\":true,\"editable\":true},\"list\":{\"label\":\"width\",\"searchable\":true,\"sortable\":true}},\"height\":{\"edit\":{\"label\":\"height\",\"description\":\"\",\"placeholder\":\"\",\"visible\":true,\"editable\":true},\"list\":{\"label\":\"height\",\"searchable\":true,\"sortable\":true}},\"formats\":{\"edit\":{\"label\":\"formats\",\"description\":\"\",\"placeholder\":\"\",\"visible\":true,\"editable\":true},\"list\":{\"label\":\"formats\",\"searchable\":false,\"sortable\":false}},\"hash\":{\"edit\":{\"label\":\"hash\",\"description\":\"\",\"placeholder\":\"\",\"visible\":true,\"editable\":true},\"list\":{\"label\":\"hash\",\"searchable\":true,\"sortable\":true}},\"ext\":{\"edit\":{\"label\":\"ext\",\"description\":\"\",\"placeholder\":\"\",\"visible\":true,\"editable\":true},\"list\":{\"label\":\"ext\",\"searchable\":true,\"sortable\":true}},\"mime\":{\"edit\":{\"label\":\"mime\",\"description\":\"\",\"placeholder\":\"\",\"visible\":true,\"editable\":true},\"list\":{\"label\":\"mime\",\"searchable\":true,\"sortable\":true}},\"size\":{\"edit\":{\"label\":\"size\",\"description\":\"\",\"placeholder\":\"\",\"visible\":true,\"editable\":true},\"list\":{\"label\":\"size\",\"searchable\":true,\"sortable\":true}},\"url\":{\"edit\":{\"label\":\"url\",\"description\":\"\",\"placeholder\":\"\",\"visible\":true,\"editable\":true},\"list\":{\"label\":\"url\",\"searchable\":true,\"sortable\":true}},\"previewUrl\":{\"edit\":{\"label\":\"previewUrl\",\"description\":\"\",\"placeholder\":\"\",\"visible\":true,\"editable\":true},\"list\":{\"label\":\"previewUrl\",\"searchable\":true,\"sortable\":true}},\"provider\":{\"edit\":{\"label\":\"provider\",\"description\":\"\",\"placeholder\":\"\",\"visible\":true,\"editable\":true},\"list\":{\"label\":\"provider\",\"searchable\":true,\"sortable\":true}},\"provider_metadata\":{\"edit\":{\"label\":\"provider_metadata\",\"description\":\"\",\"placeholder\":\"\",\"visible\":true,\"editable\":true},\"list\":{\"label\":\"provider_metadata\",\"searchable\":false,\"sortable\":false}},\"folder\":{\"edit\":{\"label\":\"folder\",\"description\":\"\",\"placeholder\":\"\",\"visible\":true,\"editable\":true,\"mainField\":\"name\"},\"list\":{\"label\":\"folder\",\"searchable\":true,\"sortable\":true}},\"folderPath\":{\"edit\":{\"label\":\"folderPath\",\"description\":\"\",\"placeholder\":\"\",\"visible\":true,\"editable\":true},\"list\":{\"label\":\"folderPath\",\"searchable\":true,\"sortable\":true}},\"createdAt\":{\"edit\":{\"label\":\"createdAt\",\"description\":\"\",\"placeholder\":\"\",\"visible\":false,\"editable\":true},\"list\":{\"label\":\"createdAt\",\"searchable\":true,\"sortable\":true}},\"updatedAt\":{\"edit\":{\"label\":\"updatedAt\",\"description\":\"\",\"placeholder\":\"\",\"visible\":false,\"editable\":true},\"list\":{\"label\":\"updatedAt\",\"searchable\":true,\"sortable\":true}}},\"layouts\":{\"list\":[\"id\",\"name\",\"alternativeText\",\"caption\"],\"edit\":[[{\"name\":\"name\",\"size\":6},{\"name\":\"alternativeText\",\"size\":6}],[{\"name\":\"caption\",\"size\":6},{\"name\":\"width\",\"size\":4}],[{\"name\":\"height\",\"size\":4}],[{\"name\":\"formats\",\"size\":12}],[{\"name\":\"hash\",\"size\":6},{\"name\":\"ext\",\"size\":6}],[{\"name\":\"mime\",\"size\":6},{\"name\":\"size\",\"size\":4}],[{\"name\":\"url\",\"size\":6},{\"name\":\"previewUrl\",\"size\":6}],[{\"name\":\"provider\",\"size\":6}],[{\"name\":\"provider_metadata\",\"size\":12}],[{\"name\":\"folder\",\"size\":6},{\"name\":\"folderPath\",\"size\":6}]]}}','object',NULL,NULL),(9,'plugin_content_manager_configuration_content_types::plugin::upload.folder','{\"uid\":\"plugin::upload.folder\",\"settings\":{\"bulkable\":true,\"filterable\":true,\"searchable\":true,\"pageSize\":10,\"mainField\":\"name\",\"defaultSortBy\":\"name\",\"defaultSortOrder\":\"ASC\"},\"metadatas\":{\"id\":{\"edit\":{},\"list\":{\"label\":\"id\",\"searchable\":true,\"sortable\":true}},\"name\":{\"edit\":{\"label\":\"name\",\"description\":\"\",\"placeholder\":\"\",\"visible\":true,\"editable\":true},\"list\":{\"label\":\"name\",\"searchable\":true,\"sortable\":true}},\"pathId\":{\"edit\":{\"label\":\"pathId\",\"description\":\"\",\"placeholder\":\"\",\"visible\":true,\"editable\":true},\"list\":{\"label\":\"pathId\",\"searchable\":true,\"sortable\":true}},\"parent\":{\"edit\":{\"label\":\"parent\",\"description\":\"\",\"placeholder\":\"\",\"visible\":true,\"editable\":true,\"mainField\":\"name\"},\"list\":{\"label\":\"parent\",\"searchable\":true,\"sortable\":true}},\"children\":{\"edit\":{\"label\":\"children\",\"description\":\"\",\"placeholder\":\"\",\"visible\":true,\"editable\":true,\"mainField\":\"name\"},\"list\":{\"label\":\"children\",\"searchable\":false,\"sortable\":false}},\"files\":{\"edit\":{\"label\":\"files\",\"description\":\"\",\"placeholder\":\"\",\"visible\":true,\"editable\":true,\"mainField\":\"name\"},\"list\":{\"label\":\"files\",\"searchable\":false,\"sortable\":false}},\"path\":{\"edit\":{\"label\":\"path\",\"description\":\"\",\"placeholder\":\"\",\"visible\":true,\"editable\":true},\"list\":{\"label\":\"path\",\"searchable\":true,\"sortable\":true}},\"createdAt\":{\"edit\":{\"label\":\"createdAt\",\"description\":\"\",\"placeholder\":\"\",\"visible\":false,\"editable\":true},\"list\":{\"label\":\"createdAt\",\"searchable\":true,\"sortable\":true}},\"updatedAt\":{\"edit\":{\"label\":\"updatedAt\",\"description\":\"\",\"placeholder\":\"\",\"visible\":false,\"editable\":true},\"list\":{\"label\":\"updatedAt\",\"searchable\":true,\"sortable\":true}}},\"layouts\":{\"list\":[\"id\",\"name\",\"pathId\",\"parent\"],\"edit\":[[{\"name\":\"name\",\"size\":6},{\"name\":\"pathId\",\"size\":4}],[{\"name\":\"parent\",\"size\":6},{\"name\":\"children\",\"size\":6}],[{\"name\":\"files\",\"size\":6},{\"name\":\"path\",\"size\":6}]]}}','object',NULL,NULL),(10,'plugin_content_manager_configuration_content_types::admin::permission','{\"uid\":\"admin::permission\",\"settings\":{\"bulkable\":true,\"filterable\":true,\"searchable\":true,\"pageSize\":10,\"mainField\":\"action\",\"defaultSortBy\":\"action\",\"defaultSortOrder\":\"ASC\"},\"metadatas\":{\"id\":{\"edit\":{},\"list\":{\"label\":\"id\",\"searchable\":true,\"sortable\":true}},\"action\":{\"edit\":{\"label\":\"action\",\"description\":\"\",\"placeholder\":\"\",\"visible\":true,\"editable\":true},\"list\":{\"label\":\"action\",\"searchable\":true,\"sortable\":true}},\"subject\":{\"edit\":{\"label\":\"subject\",\"description\":\"\",\"placeholder\":\"\",\"visible\":true,\"editable\":true},\"list\":{\"label\":\"subject\",\"searchable\":true,\"sortable\":true}},\"properties\":{\"edit\":{\"label\":\"properties\",\"description\":\"\",\"placeholder\":\"\",\"visible\":true,\"editable\":true},\"list\":{\"label\":\"properties\",\"searchable\":false,\"sortable\":false}},\"conditions\":{\"edit\":{\"label\":\"conditions\",\"description\":\"\",\"placeholder\":\"\",\"visible\":true,\"editable\":true},\"list\":{\"label\":\"conditions\",\"searchable\":false,\"sortable\":false}},\"role\":{\"edit\":{\"label\":\"role\",\"description\":\"\",\"placeholder\":\"\",\"visible\":true,\"editable\":true,\"mainField\":\"name\"},\"list\":{\"label\":\"role\",\"searchable\":true,\"sortable\":true}},\"createdAt\":{\"edit\":{\"label\":\"createdAt\",\"description\":\"\",\"placeholder\":\"\",\"visible\":false,\"editable\":true},\"list\":{\"label\":\"createdAt\",\"searchable\":true,\"sortable\":true}},\"updatedAt\":{\"edit\":{\"label\":\"updatedAt\",\"description\":\"\",\"placeholder\":\"\",\"visible\":false,\"editable\":true},\"list\":{\"label\":\"updatedAt\",\"searchable\":true,\"sortable\":true}}},\"layouts\":{\"list\":[\"id\",\"action\",\"subject\",\"role\"],\"edit\":[[{\"name\":\"action\",\"size\":6},{\"name\":\"subject\",\"size\":6}],[{\"name\":\"properties\",\"size\":12}],[{\"name\":\"conditions\",\"size\":12}],[{\"name\":\"role\",\"size\":6}]]}}','object',NULL,NULL),(11,'plugin_content_manager_configuration_content_types::plugin::users-permissions.permission','{\"uid\":\"plugin::users-permissions.permission\",\"settings\":{\"bulkable\":true,\"filterable\":true,\"searchable\":true,\"pageSize\":10,\"mainField\":\"action\",\"defaultSortBy\":\"action\",\"defaultSortOrder\":\"ASC\"},\"metadatas\":{\"id\":{\"edit\":{},\"list\":{\"label\":\"id\",\"searchable\":true,\"sortable\":true}},\"action\":{\"edit\":{\"label\":\"action\",\"description\":\"\",\"placeholder\":\"\",\"visible\":true,\"editable\":true},\"list\":{\"label\":\"action\",\"searchable\":true,\"sortable\":true}},\"role\":{\"edit\":{\"label\":\"role\",\"description\":\"\",\"placeholder\":\"\",\"visible\":true,\"editable\":true,\"mainField\":\"name\"},\"list\":{\"label\":\"role\",\"searchable\":true,\"sortable\":true}},\"createdAt\":{\"edit\":{\"label\":\"createdAt\",\"description\":\"\",\"placeholder\":\"\",\"visible\":false,\"editable\":true},\"list\":{\"label\":\"createdAt\",\"searchable\":true,\"sortable\":true}},\"updatedAt\":{\"edit\":{\"label\":\"updatedAt\",\"description\":\"\",\"placeholder\":\"\",\"visible\":false,\"editable\":true},\"list\":{\"label\":\"updatedAt\",\"searchable\":true,\"sortable\":true}}},\"layouts\":{\"list\":[\"id\",\"action\",\"role\",\"createdAt\"],\"edit\":[[{\"name\":\"action\",\"size\":6},{\"name\":\"role\",\"size\":6}]]}}','object',NULL,NULL),(12,'plugin_content_manager_configuration_content_types::plugin::users-permissions.role','{\"uid\":\"plugin::users-permissions.role\",\"settings\":{\"bulkable\":true,\"filterable\":true,\"searchable\":true,\"pageSize\":10,\"mainField\":\"name\",\"defaultSortBy\":\"name\",\"defaultSortOrder\":\"ASC\"},\"metadatas\":{\"id\":{\"edit\":{},\"list\":{\"label\":\"id\",\"searchable\":true,\"sortable\":true}},\"name\":{\"edit\":{\"label\":\"name\",\"description\":\"\",\"placeholder\":\"\",\"visible\":true,\"editable\":true},\"list\":{\"label\":\"name\",\"searchable\":true,\"sortable\":true}},\"description\":{\"edit\":{\"label\":\"description\",\"description\":\"\",\"placeholder\":\"\",\"visible\":true,\"editable\":true},\"list\":{\"label\":\"description\",\"searchable\":true,\"sortable\":true}},\"type\":{\"edit\":{\"label\":\"type\",\"description\":\"\",\"placeholder\":\"\",\"visible\":true,\"editable\":true},\"list\":{\"label\":\"type\",\"searchable\":true,\"sortable\":true}},\"permissions\":{\"edit\":{\"label\":\"permissions\",\"description\":\"\",\"placeholder\":\"\",\"visible\":true,\"editable\":true,\"mainField\":\"action\"},\"list\":{\"label\":\"permissions\",\"searchable\":false,\"sortable\":false}},\"users\":{\"edit\":{\"label\":\"users\",\"description\":\"\",\"placeholder\":\"\",\"visible\":true,\"editable\":true,\"mainField\":\"username\"},\"list\":{\"label\":\"users\",\"searchable\":false,\"sortable\":false}},\"createdAt\":{\"edit\":{\"label\":\"createdAt\",\"description\":\"\",\"placeholder\":\"\",\"visible\":false,\"editable\":true},\"list\":{\"label\":\"createdAt\",\"searchable\":true,\"sortable\":true}},\"updatedAt\":{\"edit\":{\"label\":\"updatedAt\",\"description\":\"\",\"placeholder\":\"\",\"visible\":false,\"editable\":true},\"list\":{\"label\":\"updatedAt\",\"searchable\":true,\"sortable\":true}}},\"layouts\":{\"list\":[\"id\",\"name\",\"description\",\"type\"],\"edit\":[[{\"name\":\"name\",\"size\":6},{\"name\":\"description\",\"size\":6}],[{\"name\":\"type\",\"size\":6},{\"name\":\"permissions\",\"size\":6}],[{\"name\":\"users\",\"size\":6}]]}}','object',NULL,NULL),(13,'plugin_content_manager_configuration_content_types::plugin::users-permissions.user','{\"uid\":\"plugin::users-permissions.user\",\"settings\":{\"bulkable\":true,\"filterable\":true,\"searchable\":true,\"pageSize\":10,\"mainField\":\"username\",\"defaultSortBy\":\"username\",\"defaultSortOrder\":\"ASC\"},\"metadatas\":{\"id\":{\"edit\":{},\"list\":{\"label\":\"id\",\"searchable\":true,\"sortable\":true}},\"username\":{\"edit\":{\"label\":\"username\",\"description\":\"\",\"placeholder\":\"\",\"visible\":true,\"editable\":true},\"list\":{\"label\":\"username\",\"searchable\":true,\"sortable\":true}},\"email\":{\"edit\":{\"label\":\"email\",\"description\":\"\",\"placeholder\":\"\",\"visible\":true,\"editable\":true},\"list\":{\"label\":\"email\",\"searchable\":true,\"sortable\":true}},\"provider\":{\"edit\":{\"label\":\"provider\",\"description\":\"\",\"placeholder\":\"\",\"visible\":false,\"editable\":true},\"list\":{\"label\":\"provider\",\"searchable\":true,\"sortable\":true}},\"password\":{\"edit\":{\"label\":\"password\",\"description\":\"\",\"placeholder\":\"\",\"visible\":true,\"editable\":true},\"list\":{\"label\":\"password\",\"searchable\":true,\"sortable\":true}},\"resetPasswordToken\":{\"edit\":{\"label\":\"resetPasswordToken\",\"description\":\"\",\"placeholder\":\"\",\"visible\":false,\"editable\":true},\"list\":{\"label\":\"resetPasswordToken\",\"searchable\":true,\"sortable\":true}},\"confirmationToken\":{\"edit\":{\"label\":\"confirmationToken\",\"description\":\"\",\"placeholder\":\"\",\"visible\":false,\"editable\":true},\"list\":{\"label\":\"confirmationToken\",\"searchable\":true,\"sortable\":true}},\"confirmed\":{\"edit\":{\"label\":\"confirmed\",\"description\":\"\",\"placeholder\":\"\",\"visible\":true,\"editable\":true},\"list\":{\"label\":\"confirmed\",\"searchable\":true,\"sortable\":true}},\"blocked\":{\"edit\":{\"label\":\"blocked\",\"description\":\"\",\"placeholder\":\"\",\"visible\":true,\"editable\":true},\"list\":{\"label\":\"blocked\",\"searchable\":true,\"sortable\":true}},\"role\":{\"edit\":{\"label\":\"role\",\"description\":\"\",\"placeholder\":\"\",\"visible\":true,\"editable\":true,\"mainField\":\"name\"},\"list\":{\"label\":\"role\",\"searchable\":true,\"sortable\":true}},\"fullname\":{\"edit\":{\"label\":\"fullname\",\"description\":\"\",\"placeholder\":\"\",\"visible\":true,\"editable\":true},\"list\":{\"label\":\"fullname\",\"searchable\":true,\"sortable\":true}},\"posts\":{\"edit\":{\"label\":\"posts\",\"description\":\"\",\"placeholder\":\"\",\"visible\":true,\"editable\":true,\"mainField\":\"title\"},\"list\":{\"label\":\"posts\",\"searchable\":false,\"sortable\":false}},\"createdAt\":{\"edit\":{\"label\":\"createdAt\",\"description\":\"\",\"placeholder\":\"\",\"visible\":false,\"editable\":true},\"list\":{\"label\":\"createdAt\",\"searchable\":true,\"sortable\":true}},\"updatedAt\":{\"edit\":{\"label\":\"updatedAt\",\"description\":\"\",\"placeholder\":\"\",\"visible\":false,\"editable\":true},\"list\":{\"label\":\"updatedAt\",\"searchable\":true,\"sortable\":true}}},\"layouts\":{\"edit\":[[{\"name\":\"username\",\"size\":6},{\"name\":\"fullname\",\"size\":6}],[{\"name\":\"email\",\"size\":6},{\"name\":\"password\",\"size\":6}],[{\"name\":\"confirmed\",\"size\":4},{\"name\":\"blocked\",\"size\":4},{\"name\":\"role\",\"size\":4}],[{\"name\":\"posts\",\"size\":12}]],\"list\":[\"id\",\"username\",\"email\",\"confirmed\"]}}','object',NULL,NULL),(14,'plugin_content_manager_configuration_content_types::plugin::i18n.locale','{\"uid\":\"plugin::i18n.locale\",\"settings\":{\"bulkable\":true,\"filterable\":true,\"searchable\":true,\"pageSize\":10,\"mainField\":\"name\",\"defaultSortBy\":\"name\",\"defaultSortOrder\":\"ASC\"},\"metadatas\":{\"id\":{\"edit\":{},\"list\":{\"label\":\"id\",\"searchable\":true,\"sortable\":true}},\"name\":{\"edit\":{\"label\":\"name\",\"description\":\"\",\"placeholder\":\"\",\"visible\":true,\"editable\":true},\"list\":{\"label\":\"name\",\"searchable\":true,\"sortable\":true}},\"code\":{\"edit\":{\"label\":\"code\",\"description\":\"\",\"placeholder\":\"\",\"visible\":true,\"editable\":true},\"list\":{\"label\":\"code\",\"searchable\":true,\"sortable\":true}},\"createdAt\":{\"edit\":{\"label\":\"createdAt\",\"description\":\"\",\"placeholder\":\"\",\"visible\":false,\"editable\":true},\"list\":{\"label\":\"createdAt\",\"searchable\":true,\"sortable\":true}},\"updatedAt\":{\"edit\":{\"label\":\"updatedAt\",\"description\":\"\",\"placeholder\":\"\",\"visible\":false,\"editable\":true},\"list\":{\"label\":\"updatedAt\",\"searchable\":true,\"sortable\":true}}},\"layouts\":{\"list\":[\"id\",\"name\",\"code\",\"createdAt\"],\"edit\":[[{\"name\":\"name\",\"size\":6},{\"name\":\"code\",\"size\":6}]]}}','object',NULL,NULL),(15,'plugin_upload_settings','{\"sizeOptimization\":true,\"responsiveDimensions\":true,\"autoOrientation\":false}','object',NULL,NULL),(16,'plugin_upload_view_configuration','{\"pageSize\":10,\"sort\":\"createdAt:DESC\"}','object',NULL,NULL),(17,'plugin_upload_metrics','{\"weeklySchedule\":\"2 48 14 * * 0\",\"lastWeeklyUpdate\":1687088882133}','object',NULL,NULL),(18,'plugin_users-permissions_grant','{\"email\":{\"enabled\":true,\"icon\":\"envelope\"},\"discord\":{\"enabled\":false,\"icon\":\"discord\",\"key\":\"\",\"secret\":\"\",\"callback\":\"api/auth/discord/callback\",\"scope\":[\"identify\",\"email\"]},\"facebook\":{\"enabled\":false,\"icon\":\"facebook-square\",\"key\":\"\",\"secret\":\"\",\"callback\":\"api/auth/facebook/callback\",\"scope\":[\"email\"]},\"google\":{\"enabled\":false,\"icon\":\"google\",\"key\":\"\",\"secret\":\"\",\"callback\":\"api/auth/google/callback\",\"scope\":[\"email\"]},\"github\":{\"enabled\":false,\"icon\":\"github\",\"key\":\"\",\"secret\":\"\",\"callback\":\"api/auth/github/callback\",\"scope\":[\"user\",\"user:email\"]},\"microsoft\":{\"enabled\":false,\"icon\":\"windows\",\"key\":\"\",\"secret\":\"\",\"callback\":\"api/auth/microsoft/callback\",\"scope\":[\"user.read\"]},\"twitter\":{\"enabled\":false,\"icon\":\"twitter\",\"key\":\"\",\"secret\":\"\",\"callback\":\"api/auth/twitter/callback\"},\"instagram\":{\"enabled\":false,\"icon\":\"instagram\",\"key\":\"\",\"secret\":\"\",\"callback\":\"api/auth/instagram/callback\",\"scope\":[\"user_profile\"]},\"vk\":{\"enabled\":false,\"icon\":\"vk\",\"key\":\"\",\"secret\":\"\",\"callback\":\"api/auth/vk/callback\",\"scope\":[\"email\"]},\"twitch\":{\"enabled\":false,\"icon\":\"twitch\",\"key\":\"\",\"secret\":\"\",\"callback\":\"api/auth/twitch/callback\",\"scope\":[\"user:read:email\"]},\"linkedin\":{\"enabled\":false,\"icon\":\"linkedin\",\"key\":\"\",\"secret\":\"\",\"callback\":\"api/auth/linkedin/callback\",\"scope\":[\"r_liteprofile\",\"r_emailaddress\"]},\"cognito\":{\"enabled\":false,\"icon\":\"aws\",\"key\":\"\",\"secret\":\"\",\"subdomain\":\"my.subdomain.com\",\"callback\":\"api/auth/cognito/callback\",\"scope\":[\"email\",\"openid\",\"profile\"]},\"reddit\":{\"enabled\":false,\"icon\":\"reddit\",\"key\":\"\",\"secret\":\"\",\"state\":true,\"callback\":\"api/auth/reddit/callback\",\"scope\":[\"identity\"]},\"auth0\":{\"enabled\":false,\"icon\":\"\",\"key\":\"\",\"secret\":\"\",\"subdomain\":\"my-tenant.eu\",\"callback\":\"api/auth/auth0/callback\",\"scope\":[\"openid\",\"email\",\"profile\"]},\"cas\":{\"enabled\":false,\"icon\":\"book\",\"key\":\"\",\"secret\":\"\",\"callback\":\"api/auth/cas/callback\",\"scope\":[\"openid email\"],\"subdomain\":\"my.subdomain.com/cas\"},\"patreon\":{\"enabled\":false,\"icon\":\"\",\"key\":\"\",\"secret\":\"\",\"callback\":\"api/auth/patreon/callback\",\"scope\":[\"identity\",\"identity[email]\"]}}','object',NULL,NULL),(19,'plugin_users-permissions_email','{\"reset_password\":{\"display\":\"Email.template.reset_password\",\"icon\":\"sync\",\"options\":{\"from\":{\"name\":\"Administration Panel\",\"email\":\"no-reply@strapi.io\"},\"response_email\":\"\",\"object\":\"Reset password\",\"message\":\"<p>We heard that you lost your password. Sorry about that!</p>\\n\\n<p>But don’t worry! You can use the following link to reset your password:</p>\\n<p><%= URL %>?code=<%= TOKEN %></p>\\n\\n<p>Thanks.</p>\"}},\"email_confirmation\":{\"display\":\"Email.template.email_confirmation\",\"icon\":\"check-square\",\"options\":{\"from\":{\"name\":\"Administration Panel\",\"email\":\"no-reply@strapi.io\"},\"response_email\":\"\",\"object\":\"Account confirmation\",\"message\":\"<p>Thank you for registering!</p>\\n\\n<p>You have to confirm your email address. Please click on the link below.</p>\\n\\n<p><%= URL %>?confirmation=<%= CODE %></p>\\n\\n<p>Thanks.</p>\"}}}','object',NULL,NULL),(20,'plugin_users-permissions_advanced','{\"unique_email\":true,\"allow_register\":true,\"email_confirmation\":false,\"email_reset_password\":null,\"email_confirmation_redirection\":\"\",\"default_role\":\"public\"}','object',NULL,NULL),(21,'plugin_i18n_default_locale','\"en\"','string',NULL,NULL),(22,'core_admin_auth','{\"providers\":{\"autoRegister\":false,\"defaultRole\":null}}','object',NULL,NULL),(23,'plugin_content_manager_configuration_content_types::api::category.category','{\"uid\":\"api::category.category\",\"settings\":{\"bulkable\":true,\"filterable\":true,\"searchable\":true,\"pageSize\":10,\"mainField\":\"name\",\"defaultSortBy\":\"name\",\"defaultSortOrder\":\"ASC\"},\"metadatas\":{\"id\":{\"edit\":{},\"list\":{\"label\":\"id\",\"searchable\":true,\"sortable\":true}},\"name\":{\"edit\":{\"label\":\"name\",\"description\":\"\",\"placeholder\":\"\",\"visible\":true,\"editable\":true},\"list\":{\"label\":\"name\",\"searchable\":true,\"sortable\":true}},\"slug\":{\"edit\":{\"label\":\"slug\",\"description\":\"\",\"placeholder\":\"\",\"visible\":true,\"editable\":true},\"list\":{\"label\":\"slug\",\"searchable\":true,\"sortable\":true}},\"icon\":{\"edit\":{\"label\":\"icon\",\"description\":\"\",\"placeholder\":\"\",\"visible\":true,\"editable\":true},\"list\":{\"label\":\"icon\",\"searchable\":true,\"sortable\":true}},\"createdAt\":{\"edit\":{\"label\":\"createdAt\",\"description\":\"\",\"placeholder\":\"\",\"visible\":false,\"editable\":true},\"list\":{\"label\":\"createdAt\",\"searchable\":true,\"sortable\":true}},\"updatedAt\":{\"edit\":{\"label\":\"updatedAt\",\"description\":\"\",\"placeholder\":\"\",\"visible\":false,\"editable\":true},\"list\":{\"label\":\"updatedAt\",\"searchable\":true,\"sortable\":true}}},\"layouts\":{\"edit\":[[{\"name\":\"name\",\"size\":8}],[{\"name\":\"slug\",\"size\":8}],[{\"name\":\"icon\",\"size\":8}]],\"list\":[\"id\",\"name\",\"slug\",\"icon\"]}}','object',NULL,NULL),(24,'plugin_content_manager_configuration_content_types::api::post.post','{\"uid\":\"api::post.post\",\"settings\":{\"bulkable\":true,\"filterable\":true,\"searchable\":true,\"pageSize\":10,\"mainField\":\"title\",\"defaultSortBy\":\"title\",\"defaultSortOrder\":\"ASC\"},\"metadatas\":{\"id\":{\"edit\":{},\"list\":{\"label\":\"id\",\"searchable\":true,\"sortable\":true}},\"title\":{\"edit\":{\"label\":\"title\",\"description\":\"\",\"placeholder\":\"\",\"visible\":true,\"editable\":true},\"list\":{\"label\":\"title\",\"searchable\":true,\"sortable\":true}},\"slug\":{\"edit\":{\"label\":\"slug\",\"description\":\"\",\"placeholder\":\"\",\"visible\":true,\"editable\":true},\"list\":{\"label\":\"slug\",\"searchable\":true,\"sortable\":true}},\"content\":{\"edit\":{\"label\":\"content\",\"description\":\"\",\"placeholder\":\"\",\"visible\":true,\"editable\":true},\"list\":{\"label\":\"content\",\"searchable\":true,\"sortable\":true}},\"feature_image\":{\"edit\":{\"label\":\"feature_image\",\"description\":\"\",\"placeholder\":\"\",\"visible\":true,\"editable\":true},\"list\":{\"label\":\"feature_image\",\"searchable\":false,\"sortable\":false}},\"media\":{\"edit\":{\"label\":\"media\",\"description\":\"\",\"placeholder\":\"\",\"visible\":true,\"editable\":true},\"list\":{\"label\":\"media\",\"searchable\":false,\"sortable\":false}},\"read_count\":{\"edit\":{\"label\":\"read_count\",\"description\":\"\",\"placeholder\":\"\",\"visible\":true,\"editable\":true},\"list\":{\"label\":\"read_count\",\"searchable\":true,\"sortable\":true}},\"category\":{\"edit\":{\"label\":\"category\",\"description\":\"\",\"placeholder\":\"\",\"visible\":true,\"editable\":true,\"mainField\":\"name\"},\"list\":{\"label\":\"category\",\"searchable\":true,\"sortable\":true}},\"reference\":{\"edit\":{\"label\":\"reference\",\"description\":\"\",\"placeholder\":\"\",\"visible\":true,\"editable\":true},\"list\":{\"label\":\"reference\",\"searchable\":true,\"sortable\":true}},\"taxonomies\":{\"edit\":{\"label\":\"taxonomies\",\"description\":\"\",\"placeholder\":\"\",\"visible\":true,\"editable\":true,\"mainField\":\"name\"},\"list\":{\"label\":\"taxonomies\",\"searchable\":false,\"sortable\":false}},\"user\":{\"edit\":{\"label\":\"user\",\"description\":\"\",\"placeholder\":\"\",\"visible\":true,\"editable\":true,\"mainField\":\"username\"},\"list\":{\"label\":\"user\",\"searchable\":true,\"sortable\":true}},\"is_featured\":{\"edit\":{\"label\":\"is_featured\",\"description\":\"\",\"placeholder\":\"\",\"visible\":true,\"editable\":true},\"list\":{\"label\":\"is_featured\",\"searchable\":true,\"sortable\":true}},\"createdAt\":{\"edit\":{\"label\":\"createdAt\",\"description\":\"\",\"placeholder\":\"\",\"visible\":false,\"editable\":true},\"list\":{\"label\":\"createdAt\",\"searchable\":true,\"sortable\":true}},\"updatedAt\":{\"edit\":{\"label\":\"updatedAt\",\"description\":\"\",\"placeholder\":\"\",\"visible\":false,\"editable\":true},\"list\":{\"label\":\"updatedAt\",\"searchable\":true,\"sortable\":true}}},\"layouts\":{\"list\":[\"feature_image\",\"category\",\"title\",\"read_count\",\"media\",\"user\"],\"edit\":[[{\"name\":\"category\",\"size\":8},{\"name\":\"read_count\",\"size\":4}],[{\"name\":\"title\",\"size\":12}],[{\"name\":\"slug\",\"size\":12}],[{\"name\":\"feature_image\",\"size\":6},{\"name\":\"media\",\"size\":6}],[{\"name\":\"content\",\"size\":12}],[{\"name\":\"reference\",\"size\":6},{\"name\":\"taxonomies\",\"size\":6}],[{\"name\":\"user\",\"size\":6},{\"name\":\"is_featured\",\"size\":4}]]}}','object',NULL,NULL),(25,'plugin_content_manager_configuration_content_types::api::taxonomy.taxonomy','{\"uid\":\"api::taxonomy.taxonomy\",\"settings\":{\"bulkable\":true,\"filterable\":true,\"searchable\":true,\"pageSize\":10,\"mainField\":\"name\",\"defaultSortBy\":\"name\",\"defaultSortOrder\":\"ASC\"},\"metadatas\":{\"id\":{\"edit\":{},\"list\":{\"label\":\"id\",\"searchable\":true,\"sortable\":true}},\"name\":{\"edit\":{\"label\":\"name\",\"description\":\"\",\"placeholder\":\"\",\"visible\":true,\"editable\":true},\"list\":{\"label\":\"name\",\"searchable\":true,\"sortable\":true}},\"slug\":{\"edit\":{\"label\":\"slug\",\"description\":\"\",\"placeholder\":\"\",\"visible\":true,\"editable\":true},\"list\":{\"label\":\"slug\",\"searchable\":true,\"sortable\":true}},\"posts\":{\"edit\":{\"label\":\"posts\",\"description\":\"\",\"placeholder\":\"\",\"visible\":true,\"editable\":true,\"mainField\":\"title\"},\"list\":{\"label\":\"posts\",\"searchable\":false,\"sortable\":false}},\"createdAt\":{\"edit\":{\"label\":\"createdAt\",\"description\":\"\",\"placeholder\":\"\",\"visible\":false,\"editable\":true},\"list\":{\"label\":\"createdAt\",\"searchable\":true,\"sortable\":true}},\"updatedAt\":{\"edit\":{\"label\":\"updatedAt\",\"description\":\"\",\"placeholder\":\"\",\"visible\":false,\"editable\":true},\"list\":{\"label\":\"updatedAt\",\"searchable\":true,\"sortable\":true}}},\"layouts\":{\"edit\":[[{\"name\":\"name\",\"size\":8}],[{\"name\":\"slug\",\"size\":8}],[{\"name\":\"posts\",\"size\":8}]],\"list\":[\"id\",\"name\",\"slug\",\"posts\"]}}','object',NULL,NULL),(26,'plugin_content_manager_configuration_content_types::api::social.social','{\"uid\":\"api::social.social\",\"settings\":{\"bulkable\":true,\"filterable\":true,\"searchable\":true,\"pageSize\":10,\"mainField\":\"title\",\"defaultSortBy\":\"title\",\"defaultSortOrder\":\"ASC\"},\"metadatas\":{\"id\":{\"edit\":{},\"list\":{\"label\":\"id\",\"searchable\":true,\"sortable\":true}},\"title\":{\"edit\":{\"label\":\"title\",\"description\":\"\",\"placeholder\":\"\",\"visible\":true,\"editable\":true},\"list\":{\"label\":\"title\",\"searchable\":true,\"sortable\":true}},\"icon\":{\"edit\":{\"label\":\"icon\",\"description\":\"\",\"placeholder\":\"\",\"visible\":true,\"editable\":true},\"list\":{\"label\":\"icon\",\"searchable\":true,\"sortable\":true}},\"url\":{\"edit\":{\"label\":\"url\",\"description\":\"\",\"placeholder\":\"\",\"visible\":true,\"editable\":true},\"list\":{\"label\":\"url\",\"searchable\":true,\"sortable\":true}},\"createdAt\":{\"edit\":{\"label\":\"createdAt\",\"description\":\"\",\"placeholder\":\"\",\"visible\":false,\"editable\":true},\"list\":{\"label\":\"createdAt\",\"searchable\":true,\"sortable\":true}},\"updatedAt\":{\"edit\":{\"label\":\"updatedAt\",\"description\":\"\",\"placeholder\":\"\",\"visible\":false,\"editable\":true},\"list\":{\"label\":\"updatedAt\",\"searchable\":true,\"sortable\":true}}},\"layouts\":{\"edit\":[[{\"name\":\"title\",\"size\":8},{\"name\":\"icon\",\"size\":4}],[{\"name\":\"url\",\"size\":12}]],\"list\":[\"id\",\"title\",\"icon\",\"url\"]}}','object',NULL,NULL),(27,'plugin_content_manager_configuration_content_types::api::setting.setting','{\"uid\":\"api::setting.setting\",\"settings\":{\"bulkable\":true,\"filterable\":true,\"searchable\":true,\"pageSize\":10,\"mainField\":\"site_title\",\"defaultSortBy\":\"copywrite_text\",\"defaultSortOrder\":\"ASC\"},\"metadatas\":{\"id\":{\"edit\":{},\"list\":{\"label\":\"id\",\"searchable\":true,\"sortable\":true}},\"about\":{\"edit\":{\"label\":\"about\",\"description\":\"\",\"placeholder\":\"\",\"visible\":true,\"editable\":true},\"list\":{\"label\":\"about\",\"searchable\":true,\"sortable\":true}},\"footer_text\":{\"edit\":{\"label\":\"footer_text\",\"description\":\"\",\"placeholder\":\"\",\"visible\":true,\"editable\":true},\"list\":{\"label\":\"footer_text\",\"searchable\":true,\"sortable\":true}},\"copywrite_text\":{\"edit\":{\"label\":\"copywrite_text\",\"description\":\"\",\"placeholder\":\"\",\"visible\":true,\"editable\":true},\"list\":{\"label\":\"copywrite_text\",\"searchable\":true,\"sortable\":true}},\"site_title\":{\"edit\":{\"label\":\"site_title\",\"description\":\"\",\"placeholder\":\"\",\"visible\":true,\"editable\":true},\"list\":{\"label\":\"site_title\",\"searchable\":true,\"sortable\":true}},\"site_subtitle\":{\"edit\":{\"label\":\"site_subtitle\",\"description\":\"\",\"placeholder\":\"\",\"visible\":true,\"editable\":true},\"list\":{\"label\":\"site_subtitle\",\"searchable\":true,\"sortable\":true}},\"site_description\":{\"edit\":{\"label\":\"site_description\",\"description\":\"\",\"placeholder\":\"\",\"visible\":true,\"editable\":true},\"list\":{\"label\":\"site_description\",\"searchable\":true,\"sortable\":true}},\"header_image\":{\"edit\":{\"label\":\"header_image\",\"description\":\"\",\"placeholder\":\"\",\"visible\":true,\"editable\":true},\"list\":{\"label\":\"header_image\",\"searchable\":false,\"sortable\":false}},\"about_image\":{\"edit\":{\"label\":\"about_image\",\"description\":\"\",\"placeholder\":\"\",\"visible\":true,\"editable\":true},\"list\":{\"label\":\"about_image\",\"searchable\":false,\"sortable\":false}},\"is_dark_default\":{\"edit\":{\"label\":\"is_dark_default\",\"description\":\"\",\"placeholder\":\"\",\"visible\":true,\"editable\":true},\"list\":{\"label\":\"is_dark_default\",\"searchable\":true,\"sortable\":true}},\"logo\":{\"edit\":{\"label\":\"logo\",\"description\":\"\",\"placeholder\":\"\",\"visible\":true,\"editable\":true},\"list\":{\"label\":\"logo\",\"searchable\":false,\"sortable\":false}},\"createdAt\":{\"edit\":{\"label\":\"createdAt\",\"description\":\"\",\"placeholder\":\"\",\"visible\":false,\"editable\":true},\"list\":{\"label\":\"createdAt\",\"searchable\":true,\"sortable\":true}},\"updatedAt\":{\"edit\":{\"label\":\"updatedAt\",\"description\":\"\",\"placeholder\":\"\",\"visible\":false,\"editable\":true},\"list\":{\"label\":\"updatedAt\",\"searchable\":true,\"sortable\":true}}},\"layouts\":{\"edit\":[[{\"name\":\"site_title\",\"size\":6},{\"name\":\"site_subtitle\",\"size\":6}],[{\"name\":\"site_description\",\"size\":6},{\"name\":\"about\",\"size\":6}],[{\"name\":\"header_image\",\"size\":12}],[{\"name\":\"logo\",\"size\":6},{\"name\":\"about_image\",\"size\":6}],[{\"name\":\"footer_text\",\"size\":6},{\"name\":\"copywrite_text\",\"size\":6}],[{\"name\":\"is_dark_default\",\"size\":4}]],\"list\":[\"id\",\"about\",\"footer_text\",\"copywrite_text\"]}}','object',NULL,NULL),(28,'plugin_content_manager_configuration_content_types::api::contact.contact','{\"uid\":\"api::contact.contact\",\"settings\":{\"bulkable\":true,\"filterable\":true,\"searchable\":true,\"pageSize\":10,\"mainField\":\"icon\",\"defaultSortBy\":\"icon\",\"defaultSortOrder\":\"ASC\"},\"metadatas\":{\"id\":{\"edit\":{},\"list\":{\"label\":\"id\",\"searchable\":true,\"sortable\":true}},\"icon\":{\"edit\":{\"label\":\"icon\",\"description\":\"\",\"placeholder\":\"\",\"visible\":true,\"editable\":true},\"list\":{\"label\":\"icon\",\"searchable\":true,\"sortable\":true}},\"title\":{\"edit\":{\"label\":\"title\",\"description\":\"\",\"placeholder\":\"\",\"visible\":true,\"editable\":true},\"list\":{\"label\":\"title\",\"searchable\":true,\"sortable\":true}},\"url\":{\"edit\":{\"label\":\"url\",\"description\":\"\",\"placeholder\":\"\",\"visible\":true,\"editable\":true},\"list\":{\"label\":\"url\",\"searchable\":true,\"sortable\":true}},\"is_social\":{\"edit\":{\"label\":\"is_social\",\"description\":\"\",\"placeholder\":\"\",\"visible\":true,\"editable\":true},\"list\":{\"label\":\"is_social\",\"searchable\":true,\"sortable\":true}},\"createdAt\":{\"edit\":{\"label\":\"createdAt\",\"description\":\"\",\"placeholder\":\"\",\"visible\":false,\"editable\":true},\"list\":{\"label\":\"createdAt\",\"searchable\":true,\"sortable\":true}},\"updatedAt\":{\"edit\":{\"label\":\"updatedAt\",\"description\":\"\",\"placeholder\":\"\",\"visible\":false,\"editable\":true},\"list\":{\"label\":\"updatedAt\",\"searchable\":true,\"sortable\":true}}},\"layouts\":{\"edit\":[[{\"name\":\"icon\",\"size\":4},{\"name\":\"title\",\"size\":4},{\"name\":\"is_social\",\"size\":4}],[{\"name\":\"url\",\"size\":12}]],\"list\":[\"id\",\"icon\",\"title\",\"url\"]}}','object',NULL,NULL),(29,'plugin_content_manager_configuration_content_types::api::message.message','{\"uid\":\"api::message.message\",\"settings\":{\"bulkable\":true,\"filterable\":true,\"searchable\":true,\"pageSize\":10,\"mainField\":\"name\",\"defaultSortBy\":\"name\",\"defaultSortOrder\":\"ASC\"},\"metadatas\":{\"id\":{\"edit\":{},\"list\":{\"label\":\"id\",\"searchable\":true,\"sortable\":true}},\"name\":{\"edit\":{\"label\":\"name\",\"description\":\"\",\"placeholder\":\"\",\"visible\":true,\"editable\":true},\"list\":{\"label\":\"name\",\"searchable\":true,\"sortable\":true}},\"mail\":{\"edit\":{\"label\":\"mail\",\"description\":\"\",\"placeholder\":\"\",\"visible\":true,\"editable\":true},\"list\":{\"label\":\"mail\",\"searchable\":true,\"sortable\":true}},\"phone\":{\"edit\":{\"label\":\"phone\",\"description\":\"\",\"placeholder\":\"\",\"visible\":true,\"editable\":true},\"list\":{\"label\":\"phone\",\"searchable\":true,\"sortable\":true}},\"text\":{\"edit\":{\"label\":\"text\",\"description\":\"\",\"placeholder\":\"\",\"visible\":true,\"editable\":true},\"list\":{\"label\":\"text\",\"searchable\":true,\"sortable\":true}},\"title\":{\"edit\":{\"label\":\"title\",\"description\":\"\",\"placeholder\":\"\",\"visible\":true,\"editable\":true},\"list\":{\"label\":\"title\",\"searchable\":true,\"sortable\":true}},\"createdAt\":{\"edit\":{\"label\":\"createdAt\",\"description\":\"\",\"placeholder\":\"\",\"visible\":false,\"editable\":true},\"list\":{\"label\":\"createdAt\",\"searchable\":true,\"sortable\":true}},\"updatedAt\":{\"edit\":{\"label\":\"updatedAt\",\"description\":\"\",\"placeholder\":\"\",\"visible\":false,\"editable\":true},\"list\":{\"label\":\"updatedAt\",\"searchable\":true,\"sortable\":true}}},\"layouts\":{\"edit\":[[{\"name\":\"name\",\"size\":8}],[{\"name\":\"phone\",\"size\":8}],[{\"name\":\"mail\",\"size\":8}],[{\"name\":\"title\",\"size\":8}],[{\"name\":\"text\",\"size\":8}]],\"list\":[\"id\",\"name\",\"mail\",\"phone\"]}}','object',NULL,NULL),(30,'core_admin_project-settings','{\"menuLogo\":{},\"authLogo\":{}}','object',NULL,NULL);
/*!40000 ALTER TABLE `strapi_core_store_settings` ENABLE KEYS */;
UNLOCK TABLES;

--
-- Table structure for table `strapi_database_schema`
--

DROP TABLE IF EXISTS `strapi_database_schema`;
/*!40101 SET @saved_cs_client     = @@character_set_client */;
/*!50503 SET character_set_client = utf8mb4 */;
CREATE TABLE `strapi_database_schema` (
  `id` int unsigned NOT NULL AUTO_INCREMENT,
  `schema` json DEFAULT NULL,
  `time` datetime DEFAULT NULL,
  `hash` varchar(255) DEFAULT NULL,
  PRIMARY KEY (`id`)
) ENGINE=InnoDB AUTO_INCREMENT=20 DEFAULT CHARSET=utf8mb4 COLLATE=utf8mb4_0900_ai_ci;
/*!40101 SET character_set_client = @saved_cs_client */;

--
-- Dumping data for table `strapi_database_schema`
--

LOCK TABLES `strapi_database_schema` WRITE;
/*!40000 ALTER TABLE `strapi_database_schema` DISABLE KEYS */;
INSERT INTO `strapi_database_schema` VALUES (19,'{\"tables\": [{\"name\": \"strapi_core_store_settings\", \"columns\": [{\"args\": [{\"primary\": true, \"primaryKey\": true}], \"name\": \"id\", \"type\": \"increments\", \"unsigned\": false, \"defaultTo\": null, \"notNullable\": true}, {\"args\": [], \"name\": \"key\", \"type\": \"string\", \"unsigned\": false, \"defaultTo\": null, \"notNullable\": false}, {\"args\": [\"longtext\"], \"name\": \"value\", \"type\": \"text\", \"unsigned\": false, \"defaultTo\": null, \"notNullable\": false}, {\"args\": [], \"name\": \"type\", \"type\": \"string\", \"unsigned\": false, \"defaultTo\": null, \"notNullable\": false}, {\"args\": [], \"name\": \"environment\", \"type\": \"string\", \"unsigned\": false, \"defaultTo\": null, \"notNullable\": false}, {\"args\": [], \"name\": \"tag\", \"type\": \"string\", \"unsigned\": false, \"defaultTo\": null, \"notNullable\": false}], \"indexes\": [], \"foreignKeys\": []}, {\"name\": \"strapi_webhooks\", \"columns\": [{\"args\": [{\"primary\": true, \"primaryKey\": true}], \"name\": \"id\", \"type\": \"increments\", \"unsigned\": false, \"defaultTo\": null, \"notNullable\": true}, {\"args\": [], \"name\": \"name\", \"type\": \"string\", \"unsigned\": false, \"defaultTo\": null, \"notNullable\": false}, {\"args\": [\"longtext\"], \"name\": \"url\", \"type\": \"text\", \"unsigned\": false, \"defaultTo\": null, \"notNullable\": false}, {\"args\": [], \"name\": \"headers\", \"type\": \"jsonb\", \"unsigned\": false, \"defaultTo\": null, \"notNullable\": false}, {\"args\": [], \"name\": \"events\", \"type\": \"jsonb\", \"unsigned\": false, \"defaultTo\": null, \"notNullable\": false}, {\"args\": [], \"name\": \"enabled\", \"type\": \"boolean\", \"unsigned\": false, \"defaultTo\": null, \"notNullable\": false}], \"indexes\": [], \"foreignKeys\": []}, {\"name\": \"admin_permissions\", \"columns\": [{\"args\": [{\"primary\": true, \"primaryKey\": true}], \"name\": \"id\", \"type\": \"increments\", \"unsigned\": false, \"defaultTo\": null, \"notNullable\": true}, {\"args\": [], \"name\": \"action\", \"type\": \"string\", \"unsigned\": false, \"defaultTo\": null, \"notNullable\": false}, {\"args\": [], \"name\": \"subject\", \"type\": \"string\", \"unsigned\": false, \"defaultTo\": null, \"notNullable\": false}, {\"args\": [], \"name\": \"properties\", \"type\": \"jsonb\", \"unsigned\": false, \"defaultTo\": null, \"notNullable\": false}, {\"args\": [], \"name\": \"conditions\", \"type\": \"jsonb\", \"unsigned\": false, \"defaultTo\": null, \"notNullable\": false}, {\"args\": [{\"useTz\": false, \"precision\": 6}], \"name\": \"created_at\", \"type\": \"datetime\", \"unsigned\": false, \"defaultTo\": null, \"notNullable\": false}, {\"args\": [{\"useTz\": false, \"precision\": 6}], \"name\": \"updated_at\", \"type\": \"datetime\", \"unsigned\": false, \"defaultTo\": null, \"notNullable\": false}, {\"args\": [], \"name\": \"created_by_id\", \"type\": \"integer\", \"unsigned\": true, \"defaultTo\": null, \"notNullable\": false}, {\"args\": [], \"name\": \"updated_by_id\", \"type\": \"integer\", \"unsigned\": true, \"defaultTo\": null, \"notNullable\": false}], \"indexes\": [{\"name\": \"admin_permissions_created_by_id_fk\", \"columns\": [\"created_by_id\"]}, {\"name\": \"admin_permissions_updated_by_id_fk\", \"columns\": [\"updated_by_id\"]}], \"foreignKeys\": [{\"name\": \"admin_permissions_created_by_id_fk\", \"columns\": [\"created_by_id\"], \"onDelete\": \"SET NULL\", \"referencedTable\": \"admin_users\", \"referencedColumns\": [\"id\"]}, {\"name\": \"admin_permissions_updated_by_id_fk\", \"columns\": [\"updated_by_id\"], \"onDelete\": \"SET NULL\", \"referencedTable\": \"admin_users\", \"referencedColumns\": [\"id\"]}]}, {\"name\": \"admin_users\", \"columns\": [{\"args\": [{\"primary\": true, \"primaryKey\": true}], \"name\": \"id\", \"type\": \"increments\", \"unsigned\": false, \"defaultTo\": null, \"notNullable\": true}, {\"args\": [], \"name\": \"firstname\", \"type\": \"string\", \"unsigned\": false, \"defaultTo\": null, \"notNullable\": false}, {\"args\": [], \"name\": \"lastname\", \"type\": \"string\", \"unsigned\": false, \"defaultTo\": null, \"notNullable\": false}, {\"args\": [], \"name\": \"username\", \"type\": \"string\", \"unsigned\": false, \"defaultTo\": null, \"notNullable\": false}, {\"args\": [], \"name\": \"email\", \"type\": \"string\", \"unsigned\": false, \"defaultTo\": null, \"notNullable\": false}, {\"args\": [], \"name\": \"password\", \"type\": \"string\", \"unsigned\": false, \"defaultTo\": null, \"notNullable\": false}, {\"args\": [], \"name\": \"reset_password_token\", \"type\": \"string\", \"unsigned\": false, \"defaultTo\": null, \"notNullable\": false}, {\"args\": [], \"name\": \"registration_token\", \"type\": \"string\", \"unsigned\": false, \"defaultTo\": null, \"notNullable\": false}, {\"args\": [], \"name\": \"is_active\", \"type\": \"boolean\", \"unsigned\": false, \"defaultTo\": null, \"notNullable\": false}, {\"args\": [], \"name\": \"blocked\", \"type\": \"boolean\", \"unsigned\": false, \"defaultTo\": null, \"notNullable\": false}, {\"args\": [], \"name\": \"prefered_language\", \"type\": \"string\", \"unsigned\": false, \"defaultTo\": null, \"notNullable\": false}, {\"args\": [{\"useTz\": false, \"precision\": 6}], \"name\": \"created_at\", \"type\": \"datetime\", \"unsigned\": false, \"defaultTo\": null, \"notNullable\": false}, {\"args\": [{\"useTz\": false, \"precision\": 6}], \"name\": \"updated_at\", \"type\": \"datetime\", \"unsigned\": false, \"defaultTo\": null, \"notNullable\": false}, {\"args\": [], \"name\": \"created_by_id\", \"type\": \"integer\", \"unsigned\": true, \"defaultTo\": null, \"notNullable\": false}, {\"args\": [], \"name\": \"updated_by_id\", \"type\": \"integer\", \"unsigned\": true, \"defaultTo\": null, \"notNullable\": false}], \"indexes\": [{\"name\": \"admin_users_created_by_id_fk\", \"columns\": [\"created_by_id\"]}, {\"name\": \"admin_users_updated_by_id_fk\", \"columns\": [\"updated_by_id\"]}], \"foreignKeys\": [{\"name\": \"admin_users_created_by_id_fk\", \"columns\": [\"created_by_id\"], \"onDelete\": \"SET NULL\", \"referencedTable\": \"admin_users\", \"referencedColumns\": [\"id\"]}, {\"name\": \"admin_users_updated_by_id_fk\", \"columns\": [\"updated_by_id\"], \"onDelete\": \"SET NULL\", \"referencedTable\": \"admin_users\", \"referencedColumns\": [\"id\"]}]}, {\"name\": \"admin_roles\", \"columns\": [{\"args\": [{\"primary\": true, \"primaryKey\": true}], \"name\": \"id\", \"type\": \"increments\", \"unsigned\": false, \"defaultTo\": null, \"notNullable\": true}, {\"args\": [], \"name\": \"name\", \"type\": \"string\", \"unsigned\": false, \"defaultTo\": null, \"notNullable\": false}, {\"args\": [], \"name\": \"code\", \"type\": \"string\", \"unsigned\": false, \"defaultTo\": null, \"notNullable\": false}, {\"args\": [], \"name\": \"description\", \"type\": \"string\", \"unsigned\": false, \"defaultTo\": null, \"notNullable\": false}, {\"args\": [{\"useTz\": false, \"precision\": 6}], \"name\": \"created_at\", \"type\": \"datetime\", \"unsigned\": false, \"defaultTo\": null, \"notNullable\": false}, {\"args\": [{\"useTz\": false, \"precision\": 6}], \"name\": \"updated_at\", \"type\": \"datetime\", \"unsigned\": false, \"defaultTo\": null, \"notNullable\": false}, {\"args\": [], \"name\": \"created_by_id\", \"type\": \"integer\", \"unsigned\": true, \"defaultTo\": null, \"notNullable\": false}, {\"args\": [], \"name\": \"updated_by_id\", \"type\": \"integer\", \"unsigned\": true, \"defaultTo\": null, \"notNullable\": false}], \"indexes\": [{\"name\": \"admin_roles_created_by_id_fk\", \"columns\": [\"created_by_id\"]}, {\"name\": \"admin_roles_updated_by_id_fk\", \"columns\": [\"updated_by_id\"]}], \"foreignKeys\": [{\"name\": \"admin_roles_created_by_id_fk\", \"columns\": [\"created_by_id\"], \"onDelete\": \"SET NULL\", \"referencedTable\": \"admin_users\", \"referencedColumns\": [\"id\"]}, {\"name\": \"admin_roles_updated_by_id_fk\", \"columns\": [\"updated_by_id\"], \"onDelete\": \"SET NULL\", \"referencedTable\": \"admin_users\", \"referencedColumns\": [\"id\"]}]}, {\"name\": \"strapi_api_tokens\", \"columns\": [{\"args\": [{\"primary\": true, \"primaryKey\": true}], \"name\": \"id\", \"type\": \"increments\", \"unsigned\": false, \"defaultTo\": null, \"notNullable\": true}, {\"args\": [], \"name\": \"name\", \"type\": \"string\", \"unsigned\": false, \"defaultTo\": null, \"notNullable\": false}, {\"args\": [], \"name\": \"description\", \"type\": \"string\", \"unsigned\": false, \"defaultTo\": null, \"notNullable\": false}, {\"args\": [], \"name\": \"type\", \"type\": \"string\", \"unsigned\": false, \"defaultTo\": null, \"notNullable\": false}, {\"args\": [], \"name\": \"access_key\", \"type\": \"string\", \"unsigned\": false, \"defaultTo\": null, \"notNullable\": false}, {\"args\": [{\"useTz\": false, \"precision\": 6}], \"name\": \"last_used_at\", \"type\": \"datetime\", \"unsigned\": false, \"defaultTo\": null, \"notNullable\": false}, {\"args\": [{\"useTz\": false, \"precision\": 6}], \"name\": \"expires_at\", \"type\": \"datetime\", \"unsigned\": false, \"defaultTo\": null, \"notNullable\": false}, {\"args\": [], \"name\": \"lifespan\", \"type\": \"bigInteger\", \"unsigned\": false, \"defaultTo\": null, \"notNullable\": false}, {\"args\": [{\"useTz\": false, \"precision\": 6}], \"name\": \"created_at\", \"type\": \"datetime\", \"unsigned\": false, \"defaultTo\": null, \"notNullable\": false}, {\"args\": [{\"useTz\": false, \"precision\": 6}], \"name\": \"updated_at\", \"type\": \"datetime\", \"unsigned\": false, \"defaultTo\": null, \"notNullable\": false}, {\"args\": [], \"name\": \"created_by_id\", \"type\": \"integer\", \"unsigned\": true, \"defaultTo\": null, \"notNullable\": false}, {\"args\": [], \"name\": \"updated_by_id\", \"type\": \"integer\", \"unsigned\": true, \"defaultTo\": null, \"notNullable\": false}], \"indexes\": [{\"name\": \"strapi_api_tokens_created_by_id_fk\", \"columns\": [\"created_by_id\"]}, {\"name\": \"strapi_api_tokens_updated_by_id_fk\", \"columns\": [\"updated_by_id\"]}], \"foreignKeys\": [{\"name\": \"strapi_api_tokens_created_by_id_fk\", \"columns\": [\"created_by_id\"], \"onDelete\": \"SET NULL\", \"referencedTable\": \"admin_users\", \"referencedColumns\": [\"id\"]}, {\"name\": \"strapi_api_tokens_updated_by_id_fk\", \"columns\": [\"updated_by_id\"], \"onDelete\": \"SET NULL\", \"referencedTable\": \"admin_users\", \"referencedColumns\": [\"id\"]}]}, {\"name\": \"strapi_api_token_permissions\", \"columns\": [{\"args\": [{\"primary\": true, \"primaryKey\": true}], \"name\": \"id\", \"type\": \"increments\", \"unsigned\": false, \"defaultTo\": null, \"notNullable\": true}, {\"args\": [], \"name\": \"action\", \"type\": \"string\", \"unsigned\": false, \"defaultTo\": null, \"notNullable\": false}, {\"args\": [{\"useTz\": false, \"precision\": 6}], \"name\": \"created_at\", \"type\": \"datetime\", \"unsigned\": false, \"defaultTo\": null, \"notNullable\": false}, {\"args\": [{\"useTz\": false, \"precision\": 6}], \"name\": \"updated_at\", \"type\": \"datetime\", \"unsigned\": false, \"defaultTo\": null, \"notNullable\": false}, {\"args\": [], \"name\": \"created_by_id\", \"type\": \"integer\", \"unsigned\": true, \"defaultTo\": null, \"notNullable\": false}, {\"args\": [], \"name\": \"updated_by_id\", \"type\": \"integer\", \"unsigned\": true, \"defaultTo\": null, \"notNullable\": false}], \"indexes\": [{\"name\": \"strapi_api_token_permissions_created_by_id_fk\", \"columns\": [\"created_by_id\"]}, {\"name\": \"strapi_api_token_permissions_updated_by_id_fk\", \"columns\": [\"updated_by_id\"]}], \"foreignKeys\": [{\"name\": \"strapi_api_token_permissions_created_by_id_fk\", \"columns\": [\"created_by_id\"], \"onDelete\": \"SET NULL\", \"referencedTable\": \"admin_users\", \"referencedColumns\": [\"id\"]}, {\"name\": \"strapi_api_token_permissions_updated_by_id_fk\", \"columns\": [\"updated_by_id\"], \"onDelete\": \"SET NULL\", \"referencedTable\": \"admin_users\", \"referencedColumns\": [\"id\"]}]}, {\"name\": \"strapi_transfer_tokens\", \"columns\": [{\"args\": [{\"primary\": true, \"primaryKey\": true}], \"name\": \"id\", \"type\": \"increments\", \"unsigned\": false, \"defaultTo\": null, \"notNullable\": true}, {\"args\": [], \"name\": \"name\", \"type\": \"string\", \"unsigned\": false, \"defaultTo\": null, \"notNullable\": false}, {\"args\": [], \"name\": \"description\", \"type\": \"string\", \"unsigned\": false, \"defaultTo\": null, \"notNullable\": false}, {\"args\": [], \"name\": \"access_key\", \"type\": \"string\", \"unsigned\": false, \"defaultTo\": null, \"notNullable\": false}, {\"args\": [{\"useTz\": false, \"precision\": 6}], \"name\": \"last_used_at\", \"type\": \"datetime\", \"unsigned\": false, \"defaultTo\": null, \"notNullable\": false}, {\"args\": [{\"useTz\": false, \"precision\": 6}], \"name\": \"expires_at\", \"type\": \"datetime\", \"unsigned\": false, \"defaultTo\": null, \"notNullable\": false}, {\"args\": [], \"name\": \"lifespan\", \"type\": \"bigInteger\", \"unsigned\": false, \"defaultTo\": null, \"notNullable\": false}, {\"args\": [{\"useTz\": false, \"precision\": 6}], \"name\": \"created_at\", \"type\": \"datetime\", \"unsigned\": false, \"defaultTo\": null, \"notNullable\": false}, {\"args\": [{\"useTz\": false, \"precision\": 6}], \"name\": \"updated_at\", \"type\": \"datetime\", \"unsigned\": false, \"defaultTo\": null, \"notNullable\": false}, {\"args\": [], \"name\": \"created_by_id\", \"type\": \"integer\", \"unsigned\": true, \"defaultTo\": null, \"notNullable\": false}, {\"args\": [], \"name\": \"updated_by_id\", \"type\": \"integer\", \"unsigned\": true, \"defaultTo\": null, \"notNullable\": false}], \"indexes\": [{\"name\": \"strapi_transfer_tokens_created_by_id_fk\", \"columns\": [\"created_by_id\"]}, {\"name\": \"strapi_transfer_tokens_updated_by_id_fk\", \"columns\": [\"updated_by_id\"]}], \"foreignKeys\": [{\"name\": \"strapi_transfer_tokens_created_by_id_fk\", \"columns\": [\"created_by_id\"], \"onDelete\": \"SET NULL\", \"referencedTable\": \"admin_users\", \"referencedColumns\": [\"id\"]}, {\"name\": \"strapi_transfer_tokens_updated_by_id_fk\", \"columns\": [\"updated_by_id\"], \"onDelete\": \"SET NULL\", \"referencedTable\": \"admin_users\", \"referencedColumns\": [\"id\"]}]}, {\"name\": \"strapi_transfer_token_permissions\", \"columns\": [{\"args\": [{\"primary\": true, \"primaryKey\": true}], \"name\": \"id\", \"type\": \"increments\", \"unsigned\": false, \"defaultTo\": null, \"notNullable\": true}, {\"args\": [], \"name\": \"action\", \"type\": \"string\", \"unsigned\": false, \"defaultTo\": null, \"notNullable\": false}, {\"args\": [{\"useTz\": false, \"precision\": 6}], \"name\": \"created_at\", \"type\": \"datetime\", \"unsigned\": false, \"defaultTo\": null, \"notNullable\": false}, {\"args\": [{\"useTz\": false, \"precision\": 6}], \"name\": \"updated_at\", \"type\": \"datetime\", \"unsigned\": false, \"defaultTo\": null, \"notNullable\": false}, {\"args\": [], \"name\": \"created_by_id\", \"type\": \"integer\", \"unsigned\": true, \"defaultTo\": null, \"notNullable\": false}, {\"args\": [], \"name\": \"updated_by_id\", \"type\": \"integer\", \"unsigned\": true, \"defaultTo\": null, \"notNullable\": false}], \"indexes\": [{\"name\": \"strapi_transfer_token_permissions_created_by_id_fk\", \"columns\": [\"created_by_id\"]}, {\"name\": \"strapi_transfer_token_permissions_updated_by_id_fk\", \"columns\": [\"updated_by_id\"]}], \"foreignKeys\": [{\"name\": \"strapi_transfer_token_permissions_created_by_id_fk\", \"columns\": [\"created_by_id\"], \"onDelete\": \"SET NULL\", \"referencedTable\": \"admin_users\", \"referencedColumns\": [\"id\"]}, {\"name\": \"strapi_transfer_token_permissions_updated_by_id_fk\", \"columns\": [\"updated_by_id\"], \"onDelete\": \"SET NULL\", \"referencedTable\": \"admin_users\", \"referencedColumns\": [\"id\"]}]}, {\"name\": \"files\", \"columns\": [{\"args\": [{\"primary\": true, \"primaryKey\": true}], \"name\": \"id\", \"type\": \"increments\", \"unsigned\": false, \"defaultTo\": null, \"notNullable\": true}, {\"args\": [], \"name\": \"name\", \"type\": \"string\", \"unsigned\": false, \"defaultTo\": null, \"notNullable\": false}, {\"args\": [], \"name\": \"alternative_text\", \"type\": \"string\", \"unsigned\": false, \"defaultTo\": null, \"notNullable\": false}, {\"args\": [], \"name\": \"caption\", \"type\": \"string\", \"unsigned\": false, \"defaultTo\": null, \"notNullable\": false}, {\"args\": [], \"name\": \"width\", \"type\": \"integer\", \"unsigned\": false, \"defaultTo\": null, \"notNullable\": false}, {\"args\": [], \"name\": \"height\", \"type\": \"integer\", \"unsigned\": false, \"defaultTo\": null, \"notNullable\": false}, {\"args\": [], \"name\": \"formats\", \"type\": \"jsonb\", \"unsigned\": false, \"defaultTo\": null, \"notNullable\": false}, {\"args\": [], \"name\": \"hash\", \"type\": \"string\", \"unsigned\": false, \"defaultTo\": null, \"notNullable\": false}, {\"args\": [], \"name\": \"ext\", \"type\": \"string\", \"unsigned\": false, \"defaultTo\": null, \"notNullable\": false}, {\"args\": [], \"name\": \"mime\", \"type\": \"string\", \"unsigned\": false, \"defaultTo\": null, \"notNullable\": false}, {\"args\": [10, 2], \"name\": \"size\", \"type\": \"decimal\", \"unsigned\": false, \"defaultTo\": null, \"notNullable\": false}, {\"args\": [], \"name\": \"url\", \"type\": \"string\", \"unsigned\": false, \"defaultTo\": null, \"notNullable\": false}, {\"args\": [], \"name\": \"preview_url\", \"type\": \"string\", \"unsigned\": false, \"defaultTo\": null, \"notNullable\": false}, {\"args\": [], \"name\": \"provider\", \"type\": \"string\", \"unsigned\": false, \"defaultTo\": null, \"notNullable\": false}, {\"args\": [], \"name\": \"provider_metadata\", \"type\": \"jsonb\", \"unsigned\": false, \"defaultTo\": null, \"notNullable\": false}, {\"args\": [], \"name\": \"folder_path\", \"type\": \"string\", \"unsigned\": false, \"defaultTo\": null, \"notNullable\": false}, {\"args\": [{\"useTz\": false, \"precision\": 6}], \"name\": \"created_at\", \"type\": \"datetime\", \"unsigned\": false, \"defaultTo\": null, \"notNullable\": false}, {\"args\": [{\"useTz\": false, \"precision\": 6}], \"name\": \"updated_at\", \"type\": \"datetime\", \"unsigned\": false, \"defaultTo\": null, \"notNullable\": false}, {\"args\": [], \"name\": \"created_by_id\", \"type\": \"integer\", \"unsigned\": true, \"defaultTo\": null, \"notNullable\": false}, {\"args\": [], \"name\": \"updated_by_id\", \"type\": \"integer\", \"unsigned\": true, \"defaultTo\": null, \"notNullable\": false}], \"indexes\": [{\"name\": \"upload_files_folder_path_index\", \"type\": null, \"columns\": [\"folder_path\"]}, {\"name\": \"upload_files_created_at_index\", \"type\": null, \"columns\": [\"created_at\"]}, {\"name\": \"upload_files_updated_at_index\", \"type\": null, \"columns\": [\"updated_at\"]}, {\"name\": \"upload_files_name_index\", \"type\": null, \"columns\": [\"name\"]}, {\"name\": \"upload_files_size_index\", \"type\": null, \"columns\": [\"size\"]}, {\"name\": \"upload_files_ext_index\", \"type\": null, \"columns\": [\"ext\"]}, {\"name\": \"files_created_by_id_fk\", \"columns\": [\"created_by_id\"]}, {\"name\": \"files_updated_by_id_fk\", \"columns\": [\"updated_by_id\"]}], \"foreignKeys\": [{\"name\": \"files_created_by_id_fk\", \"columns\": [\"created_by_id\"], \"onDelete\": \"SET NULL\", \"referencedTable\": \"admin_users\", \"referencedColumns\": [\"id\"]}, {\"name\": \"files_updated_by_id_fk\", \"columns\": [\"updated_by_id\"], \"onDelete\": \"SET NULL\", \"referencedTable\": \"admin_users\", \"referencedColumns\": [\"id\"]}]}, {\"name\": \"upload_folders\", \"columns\": [{\"args\": [{\"primary\": true, \"primaryKey\": true}], \"name\": \"id\", \"type\": \"increments\", \"unsigned\": false, \"defaultTo\": null, \"notNullable\": true}, {\"args\": [], \"name\": \"name\", \"type\": \"string\", \"unsigned\": false, \"defaultTo\": null, \"notNullable\": false}, {\"args\": [], \"name\": \"path_id\", \"type\": \"integer\", \"unsigned\": false, \"defaultTo\": null, \"notNullable\": false}, {\"args\": [], \"name\": \"path\", \"type\": \"string\", \"unsigned\": false, \"defaultTo\": null, \"notNullable\": false}, {\"args\": [{\"useTz\": false, \"precision\": 6}], \"name\": \"created_at\", \"type\": \"datetime\", \"unsigned\": false, \"defaultTo\": null, \"notNullable\": false}, {\"args\": [{\"useTz\": false, \"precision\": 6}], \"name\": \"updated_at\", \"type\": \"datetime\", \"unsigned\": false, \"defaultTo\": null, \"notNullable\": false}, {\"args\": [], \"name\": \"created_by_id\", \"type\": \"integer\", \"unsigned\": true, \"defaultTo\": null, \"notNullable\": false}, {\"args\": [], \"name\": \"updated_by_id\", \"type\": \"integer\", \"unsigned\": true, \"defaultTo\": null, \"notNullable\": false}], \"indexes\": [{\"name\": \"upload_folders_path_id_index\", \"type\": \"unique\", \"columns\": [\"path_id\"]}, {\"name\": \"upload_folders_path_index\", \"type\": \"unique\", \"columns\": [\"path\"]}, {\"name\": \"upload_folders_created_by_id_fk\", \"columns\": [\"created_by_id\"]}, {\"name\": \"upload_folders_updated_by_id_fk\", \"columns\": [\"updated_by_id\"]}], \"foreignKeys\": [{\"name\": \"upload_folders_created_by_id_fk\", \"columns\": [\"created_by_id\"], \"onDelete\": \"SET NULL\", \"referencedTable\": \"admin_users\", \"referencedColumns\": [\"id\"]}, {\"name\": \"upload_folders_updated_by_id_fk\", \"columns\": [\"updated_by_id\"], \"onDelete\": \"SET NULL\", \"referencedTable\": \"admin_users\", \"referencedColumns\": [\"id\"]}]}, {\"name\": \"i18n_locale\", \"columns\": [{\"args\": [{\"primary\": true, \"primaryKey\": true}], \"name\": \"id\", \"type\": \"increments\", \"unsigned\": false, \"defaultTo\": null, \"notNullable\": true}, {\"args\": [], \"name\": \"name\", \"type\": \"string\", \"unsigned\": false, \"defaultTo\": null, \"notNullable\": false}, {\"args\": [], \"name\": \"code\", \"type\": \"string\", \"unsigned\": false, \"defaultTo\": null, \"notNullable\": false}, {\"args\": [{\"useTz\": false, \"precision\": 6}], \"name\": \"created_at\", \"type\": \"datetime\", \"unsigned\": false, \"defaultTo\": null, \"notNullable\": false}, {\"args\": [{\"useTz\": false, \"precision\": 6}], \"name\": \"updated_at\", \"type\": \"datetime\", \"unsigned\": false, \"defaultTo\": null, \"notNullable\": false}, {\"args\": [], \"name\": \"created_by_id\", \"type\": \"integer\", \"unsigned\": true, \"defaultTo\": null, \"notNullable\": false}, {\"args\": [], \"name\": \"updated_by_id\", \"type\": \"integer\", \"unsigned\": true, \"defaultTo\": null, \"notNullable\": false}], \"indexes\": [{\"name\": \"i18n_locale_created_by_id_fk\", \"columns\": [\"created_by_id\"]}, {\"name\": \"i18n_locale_updated_by_id_fk\", \"columns\": [\"updated_by_id\"]}], \"foreignKeys\": [{\"name\": \"i18n_locale_created_by_id_fk\", \"columns\": [\"created_by_id\"], \"onDelete\": \"SET NULL\", \"referencedTable\": \"admin_users\", \"referencedColumns\": [\"id\"]}, {\"name\": \"i18n_locale_updated_by_id_fk\", \"columns\": [\"updated_by_id\"], \"onDelete\": \"SET NULL\", \"referencedTable\": \"admin_users\", \"referencedColumns\": [\"id\"]}]}, {\"name\": \"up_permissions\", \"columns\": [{\"args\": [{\"primary\": true, \"primaryKey\": true}], \"name\": \"id\", \"type\": \"increments\", \"unsigned\": false, \"defaultTo\": null, \"notNullable\": true}, {\"args\": [], \"name\": \"action\", \"type\": \"string\", \"unsigned\": false, \"defaultTo\": null, \"notNullable\": false}, {\"args\": [{\"useTz\": false, \"precision\": 6}], \"name\": \"created_at\", \"type\": \"datetime\", \"unsigned\": false, \"defaultTo\": null, \"notNullable\": false}, {\"args\": [{\"useTz\": false, \"precision\": 6}], \"name\": \"updated_at\", \"type\": \"datetime\", \"unsigned\": false, \"defaultTo\": null, \"notNullable\": false}, {\"args\": [], \"name\": \"created_by_id\", \"type\": \"integer\", \"unsigned\": true, \"defaultTo\": null, \"notNullable\": false}, {\"args\": [], \"name\": \"updated_by_id\", \"type\": \"integer\", \"unsigned\": true, \"defaultTo\": null, \"notNullable\": false}], \"indexes\": [{\"name\": \"up_permissions_created_by_id_fk\", \"columns\": [\"created_by_id\"]}, {\"name\": \"up_permissions_updated_by_id_fk\", \"columns\": [\"updated_by_id\"]}], \"foreignKeys\": [{\"name\": \"up_permissions_created_by_id_fk\", \"columns\": [\"created_by_id\"], \"onDelete\": \"SET NULL\", \"referencedTable\": \"admin_users\", \"referencedColumns\": [\"id\"]}, {\"name\": \"up_permissions_updated_by_id_fk\", \"columns\": [\"updated_by_id\"], \"onDelete\": \"SET NULL\", \"referencedTable\": \"admin_users\", \"referencedColumns\": [\"id\"]}]}, {\"name\": \"up_roles\", \"columns\": [{\"args\": [{\"primary\": true, \"primaryKey\": true}], \"name\": \"id\", \"type\": \"increments\", \"unsigned\": false, \"defaultTo\": null, \"notNullable\": true}, {\"args\": [], \"name\": \"name\", \"type\": \"string\", \"unsigned\": false, \"defaultTo\": null, \"notNullable\": false}, {\"args\": [], \"name\": \"description\", \"type\": \"string\", \"unsigned\": false, \"defaultTo\": null, \"notNullable\": false}, {\"args\": [], \"name\": \"type\", \"type\": \"string\", \"unsigned\": false, \"defaultTo\": null, \"notNullable\": false}, {\"args\": [{\"useTz\": false, \"precision\": 6}], \"name\": \"created_at\", \"type\": \"datetime\", \"unsigned\": false, \"defaultTo\": null, \"notNullable\": false}, {\"args\": [{\"useTz\": false, \"precision\": 6}], \"name\": \"updated_at\", \"type\": \"datetime\", \"unsigned\": false, \"defaultTo\": null, \"notNullable\": false}, {\"args\": [], \"name\": \"created_by_id\", \"type\": \"integer\", \"unsigned\": true, \"defaultTo\": null, \"notNullable\": false}, {\"args\": [], \"name\": \"updated_by_id\", \"type\": \"integer\", \"unsigned\": true, \"defaultTo\": null, \"notNullable\": false}], \"indexes\": [{\"name\": \"up_roles_created_by_id_fk\", \"columns\": [\"created_by_id\"]}, {\"name\": \"up_roles_updated_by_id_fk\", \"columns\": [\"updated_by_id\"]}], \"foreignKeys\": [{\"name\": \"up_roles_created_by_id_fk\", \"columns\": [\"created_by_id\"], \"onDelete\": \"SET NULL\", \"referencedTable\": \"admin_users\", \"referencedColumns\": [\"id\"]}, {\"name\": \"up_roles_updated_by_id_fk\", \"columns\": [\"updated_by_id\"], \"onDelete\": \"SET NULL\", \"referencedTable\": \"admin_users\", \"referencedColumns\": [\"id\"]}]}, {\"name\": \"up_users\", \"columns\": [{\"args\": [{\"primary\": true, \"primaryKey\": true}], \"name\": \"id\", \"type\": \"increments\", \"unsigned\": false, \"defaultTo\": null, \"notNullable\": true}, {\"args\": [], \"name\": \"username\", \"type\": \"string\", \"unsigned\": false, \"defaultTo\": null, \"notNullable\": false}, {\"args\": [], \"name\": \"email\", \"type\": \"string\", \"unsigned\": false, \"defaultTo\": null, \"notNullable\": false}, {\"args\": [], \"name\": \"provider\", \"type\": \"string\", \"unsigned\": false, \"defaultTo\": null, \"notNullable\": false}, {\"args\": [], \"name\": \"password\", \"type\": \"string\", \"unsigned\": false, \"defaultTo\": null, \"notNullable\": false}, {\"args\": [], \"name\": \"reset_password_token\", \"type\": \"string\", \"unsigned\": false, \"defaultTo\": null, \"notNullable\": false}, {\"args\": [], \"name\": \"confirmation_token\", \"type\": \"string\", \"unsigned\": false, \"defaultTo\": null, \"notNullable\": false}, {\"args\": [], \"name\": \"confirmed\", \"type\": \"boolean\", \"unsigned\": false, \"defaultTo\": null, \"notNullable\": false}, {\"args\": [], \"name\": \"blocked\", \"type\": \"boolean\", \"unsigned\": false, \"defaultTo\": null, \"notNullable\": false}, {\"args\": [], \"name\": \"fullname\", \"type\": \"string\", \"unsigned\": false, \"defaultTo\": null, \"notNullable\": false}, {\"args\": [{\"useTz\": false, \"precision\": 6}], \"name\": \"created_at\", \"type\": \"datetime\", \"unsigned\": false, \"defaultTo\": null, \"notNullable\": false}, {\"args\": [{\"useTz\": false, \"precision\": 6}], \"name\": \"updated_at\", \"type\": \"datetime\", \"unsigned\": false, \"defaultTo\": null, \"notNullable\": false}, {\"args\": [], \"name\": \"created_by_id\", \"type\": \"integer\", \"unsigned\": true, \"defaultTo\": null, \"notNullable\": false}, {\"args\": [], \"name\": \"updated_by_id\", \"type\": \"integer\", \"unsigned\": true, \"defaultTo\": null, \"notNullable\": false}], \"indexes\": [{\"name\": \"up_users_created_by_id_fk\", \"columns\": [\"created_by_id\"]}, {\"name\": \"up_users_updated_by_id_fk\", \"columns\": [\"updated_by_id\"]}], \"foreignKeys\": [{\"name\": \"up_users_created_by_id_fk\", \"columns\": [\"created_by_id\"], \"onDelete\": \"SET NULL\", \"referencedTable\": \"admin_users\", \"referencedColumns\": [\"id\"]}, {\"name\": \"up_users_updated_by_id_fk\", \"columns\": [\"updated_by_id\"], \"onDelete\": \"SET NULL\", \"referencedTable\": \"admin_users\", \"referencedColumns\": [\"id\"]}]}, {\"name\": \"categories\", \"columns\": [{\"args\": [{\"primary\": true, \"primaryKey\": true}], \"name\": \"id\", \"type\": \"increments\", \"unsigned\": false, \"defaultTo\": null, \"notNullable\": true}, {\"args\": [], \"name\": \"name\", \"type\": \"string\", \"unsigned\": false, \"defaultTo\": null, \"notNullable\": false}, {\"args\": [], \"name\": \"slug\", \"type\": \"string\", \"unique\": true, \"unsigned\": false, \"defaultTo\": null, \"notNullable\": false}, {\"args\": [], \"name\": \"icon\", \"type\": \"string\", \"unsigned\": false, \"defaultTo\": null, \"notNullable\": false}, {\"args\": [{\"useTz\": false, \"precision\": 6}], \"name\": \"created_at\", \"type\": \"datetime\", \"unsigned\": false, \"defaultTo\": null, \"notNullable\": false}, {\"args\": [{\"useTz\": false, \"precision\": 6}], \"name\": \"updated_at\", \"type\": \"datetime\", \"unsigned\": false, \"defaultTo\": null, \"notNullable\": false}, {\"args\": [], \"name\": \"created_by_id\", \"type\": \"integer\", \"unsigned\": true, \"defaultTo\": null, \"notNullable\": false}, {\"args\": [], \"name\": \"updated_by_id\", \"type\": \"integer\", \"unsigned\": true, \"defaultTo\": null, \"notNullable\": false}], \"indexes\": [{\"name\": \"categories_slug_unique\", \"type\": \"unique\", \"columns\": [\"slug\"]}, {\"name\": \"categories_created_by_id_fk\", \"columns\": [\"created_by_id\"]}, {\"name\": \"categories_updated_by_id_fk\", \"columns\": [\"updated_by_id\"]}], \"foreignKeys\": [{\"name\": \"categories_created_by_id_fk\", \"columns\": [\"created_by_id\"], \"onDelete\": \"SET NULL\", \"referencedTable\": \"admin_users\", \"referencedColumns\": [\"id\"]}, {\"name\": \"categories_updated_by_id_fk\", \"columns\": [\"updated_by_id\"], \"onDelete\": \"SET NULL\", \"referencedTable\": \"admin_users\", \"referencedColumns\": [\"id\"]}]}, {\"name\": \"contacts\", \"columns\": [{\"args\": [{\"primary\": true, \"primaryKey\": true}], \"name\": \"id\", \"type\": \"increments\", \"unsigned\": false, \"defaultTo\": null, \"notNullable\": true}, {\"args\": [], \"name\": \"icon\", \"type\": \"string\", \"unsigned\": false, \"defaultTo\": null, \"notNullable\": false}, {\"args\": [], \"name\": \"title\", \"type\": \"string\", \"unsigned\": false, \"defaultTo\": null, \"notNullable\": false}, {\"args\": [\"longtext\"], \"name\": \"url\", \"type\": \"text\", \"unsigned\": false, \"defaultTo\": null, \"notNullable\": false}, {\"args\": [], \"name\": \"is_social\", \"type\": \"boolean\", \"unsigned\": false, \"defaultTo\": null, \"notNullable\": false}, {\"args\": [{\"useTz\": false, \"precision\": 6}], \"name\": \"created_at\", \"type\": \"datetime\", \"unsigned\": false, \"defaultTo\": null, \"notNullable\": false}, {\"args\": [{\"useTz\": false, \"precision\": 6}], \"name\": \"updated_at\", \"type\": \"datetime\", \"unsigned\": false, \"defaultTo\": null, \"notNullable\": false}, {\"args\": [], \"name\": \"created_by_id\", \"type\": \"integer\", \"unsigned\": true, \"defaultTo\": null, \"notNullable\": false}, {\"args\": [], \"name\": \"updated_by_id\", \"type\": \"integer\", \"unsigned\": true, \"defaultTo\": null, \"notNullable\": false}], \"indexes\": [{\"name\": \"contacts_created_by_id_fk\", \"columns\": [\"created_by_id\"]}, {\"name\": \"contacts_updated_by_id_fk\", \"columns\": [\"updated_by_id\"]}], \"foreignKeys\": [{\"name\": \"contacts_created_by_id_fk\", \"columns\": [\"created_by_id\"], \"onDelete\": \"SET NULL\", \"referencedTable\": \"admin_users\", \"referencedColumns\": [\"id\"]}, {\"name\": \"contacts_updated_by_id_fk\", \"columns\": [\"updated_by_id\"], \"onDelete\": \"SET NULL\", \"referencedTable\": \"admin_users\", \"referencedColumns\": [\"id\"]}]}, {\"name\": \"messages\", \"columns\": [{\"args\": [{\"primary\": true, \"primaryKey\": true}], \"name\": \"id\", \"type\": \"increments\", \"unsigned\": false, \"defaultTo\": null, \"notNullable\": true}, {\"args\": [], \"name\": \"name\", \"type\": \"string\", \"unsigned\": false, \"defaultTo\": null, \"notNullable\": false}, {\"args\": [], \"name\": \"mail\", \"type\": \"string\", \"unsigned\": false, \"defaultTo\": null, \"notNullable\": false}, {\"args\": [], \"name\": \"phone\", \"type\": \"string\", \"unsigned\": false, \"defaultTo\": null, \"notNullable\": false}, {\"args\": [\"longtext\"], \"name\": \"text\", \"type\": \"text\", \"unsigned\": false, \"defaultTo\": null, \"notNullable\": false}, {\"args\": [], \"name\": \"title\", \"type\": \"string\", \"unsigned\": false, \"defaultTo\": null, \"notNullable\": false}, {\"args\": [{\"useTz\": false, \"precision\": 6}], \"name\": \"created_at\", \"type\": \"datetime\", \"unsigned\": false, \"defaultTo\": null, \"notNullable\": false}, {\"args\": [{\"useTz\": false, \"precision\": 6}], \"name\": \"updated_at\", \"type\": \"datetime\", \"unsigned\": false, \"defaultTo\": null, \"notNullable\": false}, {\"args\": [], \"name\": \"created_by_id\", \"type\": \"integer\", \"unsigned\": true, \"defaultTo\": null, \"notNullable\": false}, {\"args\": [], \"name\": \"updated_by_id\", \"type\": \"integer\", \"unsigned\": true, \"defaultTo\": null, \"notNullable\": false}], \"indexes\": [{\"name\": \"messages_created_by_id_fk\", \"columns\": [\"created_by_id\"]}, {\"name\": \"messages_updated_by_id_fk\", \"columns\": [\"updated_by_id\"]}], \"foreignKeys\": [{\"name\": \"messages_created_by_id_fk\", \"columns\": [\"created_by_id\"], \"onDelete\": \"SET NULL\", \"referencedTable\": \"admin_users\", \"referencedColumns\": [\"id\"]}, {\"name\": \"messages_updated_by_id_fk\", \"columns\": [\"updated_by_id\"], \"onDelete\": \"SET NULL\", \"referencedTable\": \"admin_users\", \"referencedColumns\": [\"id\"]}]}, {\"name\": \"posts\", \"columns\": [{\"args\": [{\"primary\": true, \"primaryKey\": true}], \"name\": \"id\", \"type\": \"increments\", \"unsigned\": false, \"defaultTo\": null, \"notNullable\": true}, {\"args\": [], \"name\": \"title\", \"type\": \"string\", \"unsigned\": false, \"defaultTo\": null, \"notNullable\": false}, {\"args\": [], \"name\": \"slug\", \"type\": \"string\", \"unique\": true, \"unsigned\": false, \"defaultTo\": null, \"notNullable\": false}, {\"args\": [\"longtext\"], \"name\": \"content\", \"type\": \"text\", \"unsigned\": false, \"defaultTo\": null, \"notNullable\": false}, {\"args\": [], \"name\": \"read_count\", \"type\": \"integer\", \"unsigned\": false, \"defaultTo\": null, \"notNullable\": false}, {\"args\": [\"longtext\"], \"name\": \"reference\", \"type\": \"text\", \"unsigned\": false, \"defaultTo\": null, \"notNullable\": false}, {\"args\": [], \"name\": \"is_featured\", \"type\": \"boolean\", \"unsigned\": false, \"defaultTo\": null, \"notNullable\": false}, {\"args\": [{\"useTz\": false, \"precision\": 6}], \"name\": \"created_at\", \"type\": \"datetime\", \"unsigned\": false, \"defaultTo\": null, \"notNullable\": false}, {\"args\": [{\"useTz\": false, \"precision\": 6}], \"name\": \"updated_at\", \"type\": \"datetime\", \"unsigned\": false, \"defaultTo\": null, \"notNullable\": false}, {\"args\": [{\"useTz\": false, \"precision\": 6}], \"name\": \"published_at\", \"type\": \"datetime\", \"unsigned\": false, \"defaultTo\": null, \"notNullable\": false}, {\"args\": [], \"name\": \"created_by_id\", \"type\": \"integer\", \"unsigned\": true, \"defaultTo\": null, \"notNullable\": false}, {\"args\": [], \"name\": \"updated_by_id\", \"type\": \"integer\", \"unsigned\": true, \"defaultTo\": null, \"notNullable\": false}], \"indexes\": [{\"name\": \"posts_slug_unique\", \"type\": \"unique\", \"columns\": [\"slug\"]}, {\"name\": \"posts_created_by_id_fk\", \"columns\": [\"created_by_id\"]}, {\"name\": \"posts_updated_by_id_fk\", \"columns\": [\"updated_by_id\"]}], \"foreignKeys\": [{\"name\": \"posts_created_by_id_fk\", \"columns\": [\"created_by_id\"], \"onDelete\": \"SET NULL\", \"referencedTable\": \"admin_users\", \"referencedColumns\": [\"id\"]}, {\"name\": \"posts_updated_by_id_fk\", \"columns\": [\"updated_by_id\"], \"onDelete\": \"SET NULL\", \"referencedTable\": \"admin_users\", \"referencedColumns\": [\"id\"]}]}, {\"name\": \"settings\", \"columns\": [{\"args\": [{\"primary\": true, \"primaryKey\": true}], \"name\": \"id\", \"type\": \"increments\", \"unsigned\": false, \"defaultTo\": null, \"notNullable\": true}, {\"args\": [\"longtext\"], \"name\": \"about\", \"type\": \"text\", \"unsigned\": false, \"defaultTo\": null, \"notNullable\": false}, {\"args\": [\"longtext\"], \"name\": \"footer_text\", \"type\": \"text\", \"unsigned\": false, \"defaultTo\": null, \"notNullable\": false}, {\"args\": [], \"name\": \"copywrite_text\", \"type\": \"string\", \"unsigned\": false, \"defaultTo\": null, \"notNullable\": false}, {\"args\": [], \"name\": \"site_title\", \"type\": \"string\", \"unsigned\": false, \"defaultTo\": null, \"notNullable\": false}, {\"args\": [], \"name\": \"site_subtitle\", \"type\": \"string\", \"unsigned\": false, \"defaultTo\": null, \"notNullable\": false}, {\"args\": [\"longtext\"], \"name\": \"site_description\", \"type\": \"text\", \"unsigned\": false, \"defaultTo\": null, \"notNullable\": false}, {\"args\": [], \"name\": \"is_dark_default\", \"type\": \"boolean\", \"unsigned\": false, \"defaultTo\": null, \"notNullable\": false}, {\"args\": [{\"useTz\": false, \"precision\": 6}], \"name\": \"created_at\", \"type\": \"datetime\", \"unsigned\": false, \"defaultTo\": null, \"notNullable\": false}, {\"args\": [{\"useTz\": false, \"precision\": 6}], \"name\": \"updated_at\", \"type\": \"datetime\", \"unsigned\": false, \"defaultTo\": null, \"notNullable\": false}, {\"args\": [], \"name\": \"created_by_id\", \"type\": \"integer\", \"unsigned\": true, \"defaultTo\": null, \"notNullable\": false}, {\"args\": [], \"name\": \"updated_by_id\", \"type\": \"integer\", \"unsigned\": true, \"defaultTo\": null, \"notNullable\": false}], \"indexes\": [{\"name\": \"settings_created_by_id_fk\", \"columns\": [\"created_by_id\"]}, {\"name\": \"settings_updated_by_id_fk\", \"columns\": [\"updated_by_id\"]}], \"foreignKeys\": [{\"name\": \"settings_created_by_id_fk\", \"columns\": [\"created_by_id\"], \"onDelete\": \"SET NULL\", \"referencedTable\": \"admin_users\", \"referencedColumns\": [\"id\"]}, {\"name\": \"settings_updated_by_id_fk\", \"columns\": [\"updated_by_id\"], \"onDelete\": \"SET NULL\", \"referencedTable\": \"admin_users\", \"referencedColumns\": [\"id\"]}]}, {\"name\": \"socials\", \"columns\": [{\"args\": [{\"primary\": true, \"primaryKey\": true}], \"name\": \"id\", \"type\": \"increments\", \"unsigned\": false, \"defaultTo\": null, \"notNullable\": true}, {\"args\": [], \"name\": \"title\", \"type\": \"string\", \"unsigned\": false, \"defaultTo\": null, \"notNullable\": false}, {\"args\": [], \"name\": \"icon\", \"type\": \"string\", \"unsigned\": false, \"defaultTo\": null, \"notNullable\": false}, {\"args\": [\"longtext\"], \"name\": \"url\", \"type\": \"text\", \"unsigned\": false, \"defaultTo\": null, \"notNullable\": false}, {\"args\": [{\"useTz\": false, \"precision\": 6}], \"name\": \"created_at\", \"type\": \"datetime\", \"unsigned\": false, \"defaultTo\": null, \"notNullable\": false}, {\"args\": [{\"useTz\": false, \"precision\": 6}], \"name\": \"updated_at\", \"type\": \"datetime\", \"unsigned\": false, \"defaultTo\": null, \"notNullable\": false}, {\"args\": [], \"name\": \"created_by_id\", \"type\": \"integer\", \"unsigned\": true, \"defaultTo\": null, \"notNullable\": false}, {\"args\": [], \"name\": \"updated_by_id\", \"type\": \"integer\", \"unsigned\": true, \"defaultTo\": null, \"notNullable\": false}], \"indexes\": [{\"name\": \"socials_created_by_id_fk\", \"columns\": [\"created_by_id\"]}, {\"name\": \"socials_updated_by_id_fk\", \"columns\": [\"updated_by_id\"]}], \"foreignKeys\": [{\"name\": \"socials_created_by_id_fk\", \"columns\": [\"created_by_id\"], \"onDelete\": \"SET NULL\", \"referencedTable\": \"admin_users\", \"referencedColumns\": [\"id\"]}, {\"name\": \"socials_updated_by_id_fk\", \"columns\": [\"updated_by_id\"], \"onDelete\": \"SET NULL\", \"referencedTable\": \"admin_users\", \"referencedColumns\": [\"id\"]}]}, {\"name\": \"taxonomies\", \"columns\": [{\"args\": [{\"primary\": true, \"primaryKey\": true}], \"name\": \"id\", \"type\": \"increments\", \"unsigned\": false, \"defaultTo\": null, \"notNullable\": true}, {\"args\": [], \"name\": \"name\", \"type\": \"string\", \"unsigned\": false, \"defaultTo\": null, \"notNullable\": false}, {\"args\": [], \"name\": \"slug\", \"type\": \"string\", \"unique\": true, \"unsigned\": false, \"defaultTo\": null, \"notNullable\": false}, {\"args\": [{\"useTz\": false, \"precision\": 6}], \"name\": \"created_at\", \"type\": \"datetime\", \"unsigned\": false, \"defaultTo\": null, \"notNullable\": false}, {\"args\": [{\"useTz\": false, \"precision\": 6}], \"name\": \"updated_at\", \"type\": \"datetime\", \"unsigned\": false, \"defaultTo\": null, \"notNullable\": false}, {\"args\": [], \"name\": \"created_by_id\", \"type\": \"integer\", \"unsigned\": true, \"defaultTo\": null, \"notNullable\": false}, {\"args\": [], \"name\": \"updated_by_id\", \"type\": \"integer\", \"unsigned\": true, \"defaultTo\": null, \"notNullable\": false}], \"indexes\": [{\"name\": \"taxonomies_slug_unique\", \"type\": \"unique\", \"columns\": [\"slug\"]}, {\"name\": \"taxonomies_created_by_id_fk\", \"columns\": [\"created_by_id\"]}, {\"name\": \"taxonomies_updated_by_id_fk\", \"columns\": [\"updated_by_id\"]}], \"foreignKeys\": [{\"name\": \"taxonomies_created_by_id_fk\", \"columns\": [\"created_by_id\"], \"onDelete\": \"SET NULL\", \"referencedTable\": \"admin_users\", \"referencedColumns\": [\"id\"]}, {\"name\": \"taxonomies_updated_by_id_fk\", \"columns\": [\"updated_by_id\"], \"onDelete\": \"SET NULL\", \"referencedTable\": \"admin_users\", \"referencedColumns\": [\"id\"]}]}, {\"name\": \"admin_permissions_role_links\", \"columns\": [{\"args\": [{\"primary\": true, \"primaryKey\": true}], \"name\": \"id\", \"type\": \"increments\", \"unsigned\": false, \"defaultTo\": null, \"notNullable\": true}, {\"args\": [], \"name\": \"permission_id\", \"type\": \"integer\", \"unsigned\": true, \"defaultTo\": null, \"notNullable\": false}, {\"args\": [], \"name\": \"role_id\", \"type\": \"integer\", \"unsigned\": true, \"defaultTo\": null, \"notNullable\": false}, {\"args\": [], \"name\": \"permission_order\", \"type\": \"double\", \"unsigned\": true, \"defaultTo\": null, \"notNullable\": false}], \"indexes\": [{\"name\": \"admin_permissions_role_links_fk\", \"columns\": [\"permission_id\"]}, {\"name\": \"admin_permissions_role_links_inv_fk\", \"columns\": [\"role_id\"]}, {\"name\": \"admin_permissions_role_links_unique\", \"type\": \"unique\", \"columns\": [\"permission_id\", \"role_id\"]}, {\"name\": \"admin_permissions_role_links_order_inv_fk\", \"columns\": [\"permission_order\"]}], \"foreignKeys\": [{\"name\": \"admin_permissions_role_links_fk\", \"columns\": [\"permission_id\"], \"onDelete\": \"CASCADE\", \"referencedTable\": \"admin_permissions\", \"referencedColumns\": [\"id\"]}, {\"name\": \"admin_permissions_role_links_inv_fk\", \"columns\": [\"role_id\"], \"onDelete\": \"CASCADE\", \"referencedTable\": \"admin_roles\", \"referencedColumns\": [\"id\"]}]}, {\"name\": \"admin_users_roles_links\", \"columns\": [{\"args\": [{\"primary\": true, \"primaryKey\": true}], \"name\": \"id\", \"type\": \"increments\", \"unsigned\": false, \"defaultTo\": null, \"notNullable\": true}, {\"args\": [], \"name\": \"user_id\", \"type\": \"integer\", \"unsigned\": true, \"defaultTo\": null, \"notNullable\": false}, {\"args\": [], \"name\": \"role_id\", \"type\": \"integer\", \"unsigned\": true, \"defaultTo\": null, \"notNullable\": false}, {\"args\": [], \"name\": \"role_order\", \"type\": \"double\", \"unsigned\": true, \"defaultTo\": null, \"notNullable\": false}, {\"args\": [], \"name\": \"user_order\", \"type\": \"double\", \"unsigned\": true, \"defaultTo\": null, \"notNullable\": false}], \"indexes\": [{\"name\": \"admin_users_roles_links_fk\", \"columns\": [\"user_id\"]}, {\"name\": \"admin_users_roles_links_inv_fk\", \"columns\": [\"role_id\"]}, {\"name\": \"admin_users_roles_links_unique\", \"type\": \"unique\", \"columns\": [\"user_id\", \"role_id\"]}, {\"name\": \"admin_users_roles_links_order_fk\", \"columns\": [\"role_order\"]}, {\"name\": \"admin_users_roles_links_order_inv_fk\", \"columns\": [\"user_order\"]}], \"foreignKeys\": [{\"name\": \"admin_users_roles_links_fk\", \"columns\": [\"user_id\"], \"onDelete\": \"CASCADE\", \"referencedTable\": \"admin_users\", \"referencedColumns\": [\"id\"]}, {\"name\": \"admin_users_roles_links_inv_fk\", \"columns\": [\"role_id\"], \"onDelete\": \"CASCADE\", \"referencedTable\": \"admin_roles\", \"referencedColumns\": [\"id\"]}]}, {\"name\": \"strapi_api_token_permissions_token_links\", \"columns\": [{\"args\": [{\"primary\": true, \"primaryKey\": true}], \"name\": \"id\", \"type\": \"increments\", \"unsigned\": false, \"defaultTo\": null, \"notNullable\": true}, {\"args\": [], \"name\": \"api_token_permission_id\", \"type\": \"integer\", \"unsigned\": true, \"defaultTo\": null, \"notNullable\": false}, {\"args\": [], \"name\": \"api_token_id\", \"type\": \"integer\", \"unsigned\": true, \"defaultTo\": null, \"notNullable\": false}, {\"args\": [], \"name\": \"api_token_permission_order\", \"type\": \"double\", \"unsigned\": true, \"defaultTo\": null, \"notNullable\": false}], \"indexes\": [{\"name\": \"strapi_api_token_permissions_token_links_fk\", \"columns\": [\"api_token_permission_id\"]}, {\"name\": \"strapi_api_token_permissions_token_links_inv_fk\", \"columns\": [\"api_token_id\"]}, {\"name\": \"strapi_api_token_permissions_token_links_unique\", \"type\": \"unique\", \"columns\": [\"api_token_permission_id\", \"api_token_id\"]}, {\"name\": \"strapi_api_token_permissions_token_links_order_inv_fk\", \"columns\": [\"api_token_permission_order\"]}], \"foreignKeys\": [{\"name\": \"strapi_api_token_permissions_token_links_fk\", \"columns\": [\"api_token_permission_id\"], \"onDelete\": \"CASCADE\", \"referencedTable\": \"strapi_api_token_permissions\", \"referencedColumns\": [\"id\"]}, {\"name\": \"strapi_api_token_permissions_token_links_inv_fk\", \"columns\": [\"api_token_id\"], \"onDelete\": \"CASCADE\", \"referencedTable\": \"strapi_api_tokens\", \"referencedColumns\": [\"id\"]}]}, {\"name\": \"strapi_transfer_token_permissions_token_links\", \"columns\": [{\"args\": [{\"primary\": true, \"primaryKey\": true}], \"name\": \"id\", \"type\": \"increments\", \"unsigned\": false, \"defaultTo\": null, \"notNullable\": true}, {\"args\": [], \"name\": \"transfer_token_permission_id\", \"type\": \"integer\", \"unsigned\": true, \"defaultTo\": null, \"notNullable\": false}, {\"args\": [], \"name\": \"transfer_token_id\", \"type\": \"integer\", \"unsigned\": true, \"defaultTo\": null, \"notNullable\": false}, {\"args\": [], \"name\": \"transfer_token_permission_order\", \"type\": \"double\", \"unsigned\": true, \"defaultTo\": null, \"notNullable\": false}], \"indexes\": [{\"name\": \"strapi_transfer_token_permissions_token_links_fk\", \"columns\": [\"transfer_token_permission_id\"]}, {\"name\": \"strapi_transfer_token_permissions_token_links_inv_fk\", \"columns\": [\"transfer_token_id\"]}, {\"name\": \"strapi_transfer_token_permissions_token_links_unique\", \"type\": \"unique\", \"columns\": [\"transfer_token_permission_id\", \"transfer_token_id\"]}, {\"name\": \"strapi_transfer_token_permissions_token_links_order_inv_fk\", \"columns\": [\"transfer_token_permission_order\"]}], \"foreignKeys\": [{\"name\": \"strapi_transfer_token_permissions_token_links_fk\", \"columns\": [\"transfer_token_permission_id\"], \"onDelete\": \"CASCADE\", \"referencedTable\": \"strapi_transfer_token_permissions\", \"referencedColumns\": [\"id\"]}, {\"name\": \"strapi_transfer_token_permissions_token_links_inv_fk\", \"columns\": [\"transfer_token_id\"], \"onDelete\": \"CASCADE\", \"referencedTable\": \"strapi_transfer_tokens\", \"referencedColumns\": [\"id\"]}]}, {\"name\": \"files_related_morphs\", \"columns\": [{\"args\": [{\"primary\": true, \"primaryKey\": true}], \"name\": \"id\", \"type\": \"increments\", \"unsigned\": false, \"defaultTo\": null, \"notNullable\": true}, {\"args\": [], \"name\": \"file_id\", \"type\": \"integer\", \"unsigned\": true, \"defaultTo\": null, \"notNullable\": false}, {\"args\": [], \"name\": \"related_id\", \"type\": \"integer\", \"unsigned\": true, \"defaultTo\": null, \"notNullable\": false}, {\"args\": [], \"name\": \"related_type\", \"type\": \"string\", \"unsigned\": false, \"defaultTo\": null, \"notNullable\": false}, {\"args\": [], \"name\": \"field\", \"type\": \"string\", \"unsigned\": false, \"defaultTo\": null, \"notNullable\": false}, {\"args\": [], \"name\": \"order\", \"type\": \"double\", \"unsigned\": true, \"defaultTo\": null, \"notNullable\": false}], \"indexes\": [{\"name\": \"files_related_morphs_fk\", \"columns\": [\"file_id\"]}, {\"name\": \"files_related_morphs_order_index\", \"type\": null, \"columns\": [\"order\"]}, {\"name\": \"files_related_morphs_id_column_index\", \"type\": null, \"columns\": [\"related_id\"]}], \"foreignKeys\": [{\"name\": \"files_related_morphs_fk\", \"columns\": [\"file_id\"], \"onDelete\": \"CASCADE\", \"referencedTable\": \"files\", \"referencedColumns\": [\"id\"]}]}, {\"name\": \"files_folder_links\", \"columns\": [{\"args\": [{\"primary\": true, \"primaryKey\": true}], \"name\": \"id\", \"type\": \"increments\", \"unsigned\": false, \"defaultTo\": null, \"notNullable\": true}, {\"args\": [], \"name\": \"file_id\", \"type\": \"integer\", \"unsigned\": true, \"defaultTo\": null, \"notNullable\": false}, {\"args\": [], \"name\": \"folder_id\", \"type\": \"integer\", \"unsigned\": true, \"defaultTo\": null, \"notNullable\": false}, {\"args\": [], \"name\": \"file_order\", \"type\": \"double\", \"unsigned\": true, \"defaultTo\": null, \"notNullable\": false}], \"indexes\": [{\"name\": \"files_folder_links_fk\", \"columns\": [\"file_id\"]}, {\"name\": \"files_folder_links_inv_fk\", \"columns\": [\"folder_id\"]}, {\"name\": \"files_folder_links_unique\", \"type\": \"unique\", \"columns\": [\"file_id\", \"folder_id\"]}, {\"name\": \"files_folder_links_order_inv_fk\", \"columns\": [\"file_order\"]}], \"foreignKeys\": [{\"name\": \"files_folder_links_fk\", \"columns\": [\"file_id\"], \"onDelete\": \"CASCADE\", \"referencedTable\": \"files\", \"referencedColumns\": [\"id\"]}, {\"name\": \"files_folder_links_inv_fk\", \"columns\": [\"folder_id\"], \"onDelete\": \"CASCADE\", \"referencedTable\": \"upload_folders\", \"referencedColumns\": [\"id\"]}]}, {\"name\": \"upload_folders_parent_links\", \"columns\": [{\"args\": [{\"primary\": true, \"primaryKey\": true}], \"name\": \"id\", \"type\": \"increments\", \"unsigned\": false, \"defaultTo\": null, \"notNullable\": true}, {\"args\": [], \"name\": \"folder_id\", \"type\": \"integer\", \"unsigned\": true, \"defaultTo\": null, \"notNullable\": false}, {\"args\": [], \"name\": \"inv_folder_id\", \"type\": \"integer\", \"unsigned\": true, \"defaultTo\": null, \"notNullable\": false}, {\"args\": [], \"name\": \"folder_order\", \"type\": \"double\", \"unsigned\": true, \"defaultTo\": null, \"notNullable\": false}], \"indexes\": [{\"name\": \"upload_folders_parent_links_fk\", \"columns\": [\"folder_id\"]}, {\"name\": \"upload_folders_parent_links_inv_fk\", \"columns\": [\"inv_folder_id\"]}, {\"name\": \"upload_folders_parent_links_unique\", \"type\": \"unique\", \"columns\": [\"folder_id\", \"inv_folder_id\"]}, {\"name\": \"upload_folders_parent_links_order_inv_fk\", \"columns\": [\"folder_order\"]}], \"foreignKeys\": [{\"name\": \"upload_folders_parent_links_fk\", \"columns\": [\"folder_id\"], \"onDelete\": \"CASCADE\", \"referencedTable\": \"upload_folders\", \"referencedColumns\": [\"id\"]}, {\"name\": \"upload_folders_parent_links_inv_fk\", \"columns\": [\"inv_folder_id\"], \"onDelete\": \"CASCADE\", \"referencedTable\": \"upload_folders\", \"referencedColumns\": [\"id\"]}]}, {\"name\": \"up_permissions_role_links\", \"columns\": [{\"args\": [{\"primary\": true, \"primaryKey\": true}], \"name\": \"id\", \"type\": \"increments\", \"unsigned\": false, \"defaultTo\": null, \"notNullable\": true}, {\"args\": [], \"name\": \"permission_id\", \"type\": \"integer\", \"unsigned\": true, \"defaultTo\": null, \"notNullable\": false}, {\"args\": [], \"name\": \"role_id\", \"type\": \"integer\", \"unsigned\": true, \"defaultTo\": null, \"notNullable\": false}, {\"args\": [], \"name\": \"permission_order\", \"type\": \"double\", \"unsigned\": true, \"defaultTo\": null, \"notNullable\": false}], \"indexes\": [{\"name\": \"up_permissions_role_links_fk\", \"columns\": [\"permission_id\"]}, {\"name\": \"up_permissions_role_links_inv_fk\", \"columns\": [\"role_id\"]}, {\"name\": \"up_permissions_role_links_unique\", \"type\": \"unique\", \"columns\": [\"permission_id\", \"role_id\"]}, {\"name\": \"up_permissions_role_links_order_inv_fk\", \"columns\": [\"permission_order\"]}], \"foreignKeys\": [{\"name\": \"up_permissions_role_links_fk\", \"columns\": [\"permission_id\"], \"onDelete\": \"CASCADE\", \"referencedTable\": \"up_permissions\", \"referencedColumns\": [\"id\"]}, {\"name\": \"up_permissions_role_links_inv_fk\", \"columns\": [\"role_id\"], \"onDelete\": \"CASCADE\", \"referencedTable\": \"up_roles\", \"referencedColumns\": [\"id\"]}]}, {\"name\": \"up_users_role_links\", \"columns\": [{\"args\": [{\"primary\": true, \"primaryKey\": true}], \"name\": \"id\", \"type\": \"increments\", \"unsigned\": false, \"defaultTo\": null, \"notNullable\": true}, {\"args\": [], \"name\": \"user_id\", \"type\": \"integer\", \"unsigned\": true, \"defaultTo\": null, \"notNullable\": false}, {\"args\": [], \"name\": \"role_id\", \"type\": \"integer\", \"unsigned\": true, \"defaultTo\": null, \"notNullable\": false}, {\"args\": [], \"name\": \"user_order\", \"type\": \"double\", \"unsigned\": true, \"defaultTo\": null, \"notNullable\": false}], \"indexes\": [{\"name\": \"up_users_role_links_fk\", \"columns\": [\"user_id\"]}, {\"name\": \"up_users_role_links_inv_fk\", \"columns\": [\"role_id\"]}, {\"name\": \"up_users_role_links_unique\", \"type\": \"unique\", \"columns\": [\"user_id\", \"role_id\"]}, {\"name\": \"up_users_role_links_order_inv_fk\", \"columns\": [\"user_order\"]}], \"foreignKeys\": [{\"name\": \"up_users_role_links_fk\", \"columns\": [\"user_id\"], \"onDelete\": \"CASCADE\", \"referencedTable\": \"up_users\", \"referencedColumns\": [\"id\"]}, {\"name\": \"up_users_role_links_inv_fk\", \"columns\": [\"role_id\"], \"onDelete\": \"CASCADE\", \"referencedTable\": \"up_roles\", \"referencedColumns\": [\"id\"]}]}, {\"name\": \"posts_category_links\", \"columns\": [{\"args\": [{\"primary\": true, \"primaryKey\": true}], \"name\": \"id\", \"type\": \"increments\", \"unsigned\": false, \"defaultTo\": null, \"notNullable\": true}, {\"args\": [], \"name\": \"post_id\", \"type\": \"integer\", \"unsigned\": true, \"defaultTo\": null, \"notNullable\": false}, {\"args\": [], \"name\": \"category_id\", \"type\": \"integer\", \"unsigned\": true, \"defaultTo\": null, \"notNullable\": false}], \"indexes\": [{\"name\": \"posts_category_links_fk\", \"columns\": [\"post_id\"]}, {\"name\": \"posts_category_links_inv_fk\", \"columns\": [\"category_id\"]}, {\"name\": \"posts_category_links_unique\", \"type\": \"unique\", \"columns\": [\"post_id\", \"category_id\"]}], \"foreignKeys\": [{\"name\": \"posts_category_links_fk\", \"columns\": [\"post_id\"], \"onDelete\": \"CASCADE\", \"referencedTable\": \"posts\", \"referencedColumns\": [\"id\"]}, {\"name\": \"posts_category_links_inv_fk\", \"columns\": [\"category_id\"], \"onDelete\": \"CASCADE\", \"referencedTable\": \"categories\", \"referencedColumns\": [\"id\"]}]}, {\"name\": \"posts_user_links\", \"columns\": [{\"args\": [{\"primary\": true, \"primaryKey\": true}], \"name\": \"id\", \"type\": \"increments\", \"unsigned\": false, \"defaultTo\": null, \"notNullable\": true}, {\"args\": [], \"name\": \"post_id\", \"type\": \"integer\", \"unsigned\": true, \"defaultTo\": null, \"notNullable\": false}, {\"args\": [], \"name\": \"user_id\", \"type\": \"integer\", \"unsigned\": true, \"defaultTo\": null, \"notNullable\": false}, {\"args\": [], \"name\": \"post_order\", \"type\": \"double\", \"unsigned\": true, \"defaultTo\": null, \"notNullable\": false}], \"indexes\": [{\"name\": \"posts_user_links_fk\", \"columns\": [\"post_id\"]}, {\"name\": \"posts_user_links_inv_fk\", \"columns\": [\"user_id\"]}, {\"name\": \"posts_user_links_unique\", \"type\": \"unique\", \"columns\": [\"post_id\", \"user_id\"]}, {\"name\": \"posts_user_links_order_inv_fk\", \"columns\": [\"post_order\"]}], \"foreignKeys\": [{\"name\": \"posts_user_links_fk\", \"columns\": [\"post_id\"], \"onDelete\": \"CASCADE\", \"referencedTable\": \"posts\", \"referencedColumns\": [\"id\"]}, {\"name\": \"posts_user_links_inv_fk\", \"columns\": [\"user_id\"], \"onDelete\": \"CASCADE\", \"referencedTable\": \"up_users\", \"referencedColumns\": [\"id\"]}]}, {\"name\": \"taxonomies_posts_links\", \"columns\": [{\"args\": [{\"primary\": true, \"primaryKey\": true}], \"name\": \"id\", \"type\": \"increments\", \"unsigned\": false, \"defaultTo\": null, \"notNullable\": true}, {\"args\": [], \"name\": \"taxonomy_id\", \"type\": \"integer\", \"unsigned\": true, \"defaultTo\": null, \"notNullable\": false}, {\"args\": [], \"name\": \"post_id\", \"type\": \"integer\", \"unsigned\": true, \"defaultTo\": null, \"notNullable\": false}, {\"args\": [], \"name\": \"post_order\", \"type\": \"double\", \"unsigned\": true, \"defaultTo\": null, \"notNullable\": false}, {\"args\": [], \"name\": \"taxonomy_order\", \"type\": \"double\", \"unsigned\": true, \"defaultTo\": null, \"notNullable\": false}], \"indexes\": [{\"name\": \"taxonomies_posts_links_fk\", \"columns\": [\"taxonomy_id\"]}, {\"name\": \"taxonomies_posts_links_inv_fk\", \"columns\": [\"post_id\"]}, {\"name\": \"taxonomies_posts_links_unique\", \"type\": \"unique\", \"columns\": [\"taxonomy_id\", \"post_id\"]}, {\"name\": \"taxonomies_posts_links_order_fk\", \"columns\": [\"post_order\"]}, {\"name\": \"taxonomies_posts_links_order_inv_fk\", \"columns\": [\"taxonomy_order\"]}], \"foreignKeys\": [{\"name\": \"taxonomies_posts_links_fk\", \"columns\": [\"taxonomy_id\"], \"onDelete\": \"CASCADE\", \"referencedTable\": \"taxonomies\", \"referencedColumns\": [\"id\"]}, {\"name\": \"taxonomies_posts_links_inv_fk\", \"columns\": [\"post_id\"], \"onDelete\": \"CASCADE\", \"referencedTable\": \"posts\", \"referencedColumns\": [\"id\"]}]}]}','2023-06-11 11:35:46','c4eb535bd1c060b0b032a71f8571c8c0');
/*!40000 ALTER TABLE `strapi_database_schema` ENABLE KEYS */;
UNLOCK TABLES;

--
-- Table structure for table `strapi_migrations`
--

DROP TABLE IF EXISTS `strapi_migrations`;
/*!40101 SET @saved_cs_client     = @@character_set_client */;
/*!50503 SET character_set_client = utf8mb4 */;
CREATE TABLE `strapi_migrations` (
  `id` int unsigned NOT NULL AUTO_INCREMENT,
  `name` varchar(255) DEFAULT NULL,
  `time` datetime DEFAULT NULL,
  PRIMARY KEY (`id`)
) ENGINE=InnoDB DEFAULT CHARSET=utf8mb4 COLLATE=utf8mb4_0900_ai_ci;
/*!40101 SET character_set_client = @saved_cs_client */;

--
-- Dumping data for table `strapi_migrations`
--

LOCK TABLES `strapi_migrations` WRITE;
/*!40000 ALTER TABLE `strapi_migrations` DISABLE KEYS */;
/*!40000 ALTER TABLE `strapi_migrations` ENABLE KEYS */;
UNLOCK TABLES;

--
-- Table structure for table `strapi_transfer_token_permissions`
--

DROP TABLE IF EXISTS `strapi_transfer_token_permissions`;
/*!40101 SET @saved_cs_client     = @@character_set_client */;
/*!50503 SET character_set_client = utf8mb4 */;
CREATE TABLE `strapi_transfer_token_permissions` (
  `id` int unsigned NOT NULL AUTO_INCREMENT,
  `action` varchar(255) DEFAULT NULL,
  `created_at` datetime(6) DEFAULT NULL,
  `updated_at` datetime(6) DEFAULT NULL,
  `created_by_id` int unsigned DEFAULT NULL,
  `updated_by_id` int unsigned DEFAULT NULL,
  PRIMARY KEY (`id`),
  KEY `strapi_transfer_token_permissions_created_by_id_fk` (`created_by_id`),
  KEY `strapi_transfer_token_permissions_updated_by_id_fk` (`updated_by_id`),
  CONSTRAINT `strapi_transfer_token_permissions_created_by_id_fk` FOREIGN KEY (`created_by_id`) REFERENCES `admin_users` (`id`) ON DELETE SET NULL,
  CONSTRAINT `strapi_transfer_token_permissions_updated_by_id_fk` FOREIGN KEY (`updated_by_id`) REFERENCES `admin_users` (`id`) ON DELETE SET NULL
) ENGINE=InnoDB DEFAULT CHARSET=utf8mb4 COLLATE=utf8mb4_0900_ai_ci;
/*!40101 SET character_set_client = @saved_cs_client */;

--
-- Dumping data for table `strapi_transfer_token_permissions`
--

LOCK TABLES `strapi_transfer_token_permissions` WRITE;
/*!40000 ALTER TABLE `strapi_transfer_token_permissions` DISABLE KEYS */;
/*!40000 ALTER TABLE `strapi_transfer_token_permissions` ENABLE KEYS */;
UNLOCK TABLES;

--
-- Table structure for table `strapi_transfer_token_permissions_token_links`
--

DROP TABLE IF EXISTS `strapi_transfer_token_permissions_token_links`;
/*!40101 SET @saved_cs_client     = @@character_set_client */;
/*!50503 SET character_set_client = utf8mb4 */;
CREATE TABLE `strapi_transfer_token_permissions_token_links` (
  `id` int unsigned NOT NULL AUTO_INCREMENT,
  `transfer_token_permission_id` int unsigned DEFAULT NULL,
  `transfer_token_id` int unsigned DEFAULT NULL,
  `transfer_token_permission_order` double unsigned DEFAULT NULL,
  PRIMARY KEY (`id`),
  UNIQUE KEY `strapi_transfer_token_permissions_token_links_unique` (`transfer_token_permission_id`,`transfer_token_id`),
  KEY `strapi_transfer_token_permissions_token_links_fk` (`transfer_token_permission_id`),
  KEY `strapi_transfer_token_permissions_token_links_inv_fk` (`transfer_token_id`),
  KEY `strapi_transfer_token_permissions_token_links_order_inv_fk` (`transfer_token_permission_order`),
  CONSTRAINT `strapi_transfer_token_permissions_token_links_fk` FOREIGN KEY (`transfer_token_permission_id`) REFERENCES `strapi_transfer_token_permissions` (`id`) ON DELETE CASCADE,
  CONSTRAINT `strapi_transfer_token_permissions_token_links_inv_fk` FOREIGN KEY (`transfer_token_id`) REFERENCES `strapi_transfer_tokens` (`id`) ON DELETE CASCADE
) ENGINE=InnoDB DEFAULT CHARSET=utf8mb4 COLLATE=utf8mb4_0900_ai_ci;
/*!40101 SET character_set_client = @saved_cs_client */;

--
-- Dumping data for table `strapi_transfer_token_permissions_token_links`
--

LOCK TABLES `strapi_transfer_token_permissions_token_links` WRITE;
/*!40000 ALTER TABLE `strapi_transfer_token_permissions_token_links` DISABLE KEYS */;
/*!40000 ALTER TABLE `strapi_transfer_token_permissions_token_links` ENABLE KEYS */;
UNLOCK TABLES;

--
-- Table structure for table `strapi_transfer_tokens`
--

DROP TABLE IF EXISTS `strapi_transfer_tokens`;
/*!40101 SET @saved_cs_client     = @@character_set_client */;
/*!50503 SET character_set_client = utf8mb4 */;
CREATE TABLE `strapi_transfer_tokens` (
  `id` int unsigned NOT NULL AUTO_INCREMENT,
  `name` varchar(255) DEFAULT NULL,
  `description` varchar(255) DEFAULT NULL,
  `access_key` varchar(255) DEFAULT NULL,
  `last_used_at` datetime(6) DEFAULT NULL,
  `expires_at` datetime(6) DEFAULT NULL,
  `lifespan` bigint DEFAULT NULL,
  `created_at` datetime(6) DEFAULT NULL,
  `updated_at` datetime(6) DEFAULT NULL,
  `created_by_id` int unsigned DEFAULT NULL,
  `updated_by_id` int unsigned DEFAULT NULL,
  PRIMARY KEY (`id`),
  KEY `strapi_transfer_tokens_created_by_id_fk` (`created_by_id`),
  KEY `strapi_transfer_tokens_updated_by_id_fk` (`updated_by_id`),
  CONSTRAINT `strapi_transfer_tokens_created_by_id_fk` FOREIGN KEY (`created_by_id`) REFERENCES `admin_users` (`id`) ON DELETE SET NULL,
  CONSTRAINT `strapi_transfer_tokens_updated_by_id_fk` FOREIGN KEY (`updated_by_id`) REFERENCES `admin_users` (`id`) ON DELETE SET NULL
) ENGINE=InnoDB DEFAULT CHARSET=utf8mb4 COLLATE=utf8mb4_0900_ai_ci;
/*!40101 SET character_set_client = @saved_cs_client */;

--
-- Dumping data for table `strapi_transfer_tokens`
--

LOCK TABLES `strapi_transfer_tokens` WRITE;
/*!40000 ALTER TABLE `strapi_transfer_tokens` DISABLE KEYS */;
/*!40000 ALTER TABLE `strapi_transfer_tokens` ENABLE KEYS */;
UNLOCK TABLES;

--
-- Table structure for table `strapi_webhooks`
--

DROP TABLE IF EXISTS `strapi_webhooks`;
/*!40101 SET @saved_cs_client     = @@character_set_client */;
/*!50503 SET character_set_client = utf8mb4 */;
CREATE TABLE `strapi_webhooks` (
  `id` int unsigned NOT NULL AUTO_INCREMENT,
  `name` varchar(255) DEFAULT NULL,
  `url` longtext,
  `headers` json DEFAULT NULL,
  `events` json DEFAULT NULL,
  `enabled` tinyint(1) DEFAULT NULL,
  PRIMARY KEY (`id`)
) ENGINE=InnoDB DEFAULT CHARSET=utf8mb4 COLLATE=utf8mb4_0900_ai_ci;
/*!40101 SET character_set_client = @saved_cs_client */;

--
-- Dumping data for table `strapi_webhooks`
--

LOCK TABLES `strapi_webhooks` WRITE;
/*!40000 ALTER TABLE `strapi_webhooks` DISABLE KEYS */;
/*!40000 ALTER TABLE `strapi_webhooks` ENABLE KEYS */;
UNLOCK TABLES;

--
-- Table structure for table `taxonomies`
--

DROP TABLE IF EXISTS `taxonomies`;
/*!40101 SET @saved_cs_client     = @@character_set_client */;
/*!50503 SET character_set_client = utf8mb4 */;
CREATE TABLE `taxonomies` (
  `id` int unsigned NOT NULL AUTO_INCREMENT,
  `name` varchar(255) DEFAULT NULL,
  `slug` varchar(255) DEFAULT NULL,
  `created_at` datetime(6) DEFAULT NULL,
  `updated_at` datetime(6) DEFAULT NULL,
  `created_by_id` int unsigned DEFAULT NULL,
  `updated_by_id` int unsigned DEFAULT NULL,
  PRIMARY KEY (`id`),
  UNIQUE KEY `taxonomies_slug_unique` (`slug`),
  KEY `taxonomies_created_by_id_fk` (`created_by_id`),
  KEY `taxonomies_updated_by_id_fk` (`updated_by_id`),
  CONSTRAINT `taxonomies_created_by_id_fk` FOREIGN KEY (`created_by_id`) REFERENCES `admin_users` (`id`) ON DELETE SET NULL,
  CONSTRAINT `taxonomies_updated_by_id_fk` FOREIGN KEY (`updated_by_id`) REFERENCES `admin_users` (`id`) ON DELETE SET NULL
) ENGINE=InnoDB AUTO_INCREMENT=5 DEFAULT CHARSET=utf8mb4 COLLATE=utf8mb4_0900_ai_ci;
/*!40101 SET character_set_client = @saved_cs_client */;

--
-- Dumping data for table `taxonomies`
--

LOCK TABLES `taxonomies` WRITE;
/*!40000 ALTER TABLE `taxonomies` DISABLE KEYS */;
INSERT INTO `taxonomies` VALUES (1,'الحرب الروسية الأوكرانية','russian-ukranian-war','2023-06-05 11:12:49.381000','2023-06-05 11:12:49.381000',1,1),(2,'فضاء','air-space','2023-06-05 11:13:47.817000','2023-06-05 11:13:47.817000',1,1),(3,'أفلام','films','2023-06-05 11:14:25.134000','2023-06-05 11:14:25.134000',1,1),(4,'تاريخ','history','2023-06-05 11:15:07.795000','2023-06-05 11:15:07.795000',1,1);
/*!40000 ALTER TABLE `taxonomies` ENABLE KEYS */;
UNLOCK TABLES;

--
-- Table structure for table `taxonomies_posts_links`
--

DROP TABLE IF EXISTS `taxonomies_posts_links`;
/*!40101 SET @saved_cs_client     = @@character_set_client */;
/*!50503 SET character_set_client = utf8mb4 */;
CREATE TABLE `taxonomies_posts_links` (
  `id` int unsigned NOT NULL AUTO_INCREMENT,
  `taxonomy_id` int unsigned DEFAULT NULL,
  `post_id` int unsigned DEFAULT NULL,
  `post_order` double unsigned DEFAULT NULL,
  `taxonomy_order` double unsigned DEFAULT NULL,
  PRIMARY KEY (`id`),
  UNIQUE KEY `taxonomies_posts_links_unique` (`taxonomy_id`,`post_id`),
  KEY `taxonomies_posts_links_fk` (`taxonomy_id`),
  KEY `taxonomies_posts_links_inv_fk` (`post_id`),
  KEY `taxonomies_posts_links_order_fk` (`post_order`),
  KEY `taxonomies_posts_links_order_inv_fk` (`taxonomy_order`),
  CONSTRAINT `taxonomies_posts_links_fk` FOREIGN KEY (`taxonomy_id`) REFERENCES `taxonomies` (`id`) ON DELETE CASCADE,
  CONSTRAINT `taxonomies_posts_links_inv_fk` FOREIGN KEY (`post_id`) REFERENCES `posts` (`id`) ON DELETE CASCADE
) ENGINE=InnoDB AUTO_INCREMENT=6 DEFAULT CHARSET=utf8mb4 COLLATE=utf8mb4_0900_ai_ci;
/*!40101 SET character_set_client = @saved_cs_client */;

--
-- Dumping data for table `taxonomies_posts_links`
--

LOCK TABLES `taxonomies_posts_links` WRITE;
/*!40000 ALTER TABLE `taxonomies_posts_links` DISABLE KEYS */;
INSERT INTO `taxonomies_posts_links` VALUES (1,1,5,0,1),(2,2,10,0,1),(3,3,9,1,1),(4,3,12,0,1),(5,4,9,0,2);
/*!40000 ALTER TABLE `taxonomies_posts_links` ENABLE KEYS */;
UNLOCK TABLES;

--
-- Table structure for table `up_permissions`
--

DROP TABLE IF EXISTS `up_permissions`;
/*!40101 SET @saved_cs_client     = @@character_set_client */;
/*!50503 SET character_set_client = utf8mb4 */;
CREATE TABLE `up_permissions` (
  `id` int unsigned NOT NULL AUTO_INCREMENT,
  `action` varchar(255) DEFAULT NULL,
  `created_at` datetime(6) DEFAULT NULL,
  `updated_at` datetime(6) DEFAULT NULL,
  `created_by_id` int unsigned DEFAULT NULL,
  `updated_by_id` int unsigned DEFAULT NULL,
  PRIMARY KEY (`id`),
  KEY `up_permissions_created_by_id_fk` (`created_by_id`),
  KEY `up_permissions_updated_by_id_fk` (`updated_by_id`),
  CONSTRAINT `up_permissions_created_by_id_fk` FOREIGN KEY (`created_by_id`) REFERENCES `admin_users` (`id`) ON DELETE SET NULL,
  CONSTRAINT `up_permissions_updated_by_id_fk` FOREIGN KEY (`updated_by_id`) REFERENCES `admin_users` (`id`) ON DELETE SET NULL
) ENGINE=InnoDB AUTO_INCREMENT=30 DEFAULT CHARSET=utf8mb4 COLLATE=utf8mb4_0900_ai_ci;
/*!40101 SET character_set_client = @saved_cs_client */;

--
-- Dumping data for table `up_permissions`
--

LOCK TABLES `up_permissions` WRITE;
/*!40000 ALTER TABLE `up_permissions` DISABLE KEYS */;
INSERT INTO `up_permissions` VALUES (1,'plugin::users-permissions.user.me','2023-06-04 14:22:27.414000','2023-06-04 14:22:27.414000',NULL,NULL),(2,'plugin::users-permissions.auth.changePassword','2023-06-04 14:22:27.414000','2023-06-04 14:22:27.414000',NULL,NULL),(3,'plugin::users-permissions.auth.callback','2023-06-04 14:22:27.431000','2023-06-04 14:22:27.431000',NULL,NULL),(4,'plugin::users-permissions.auth.connect','2023-06-04 14:22:27.431000','2023-06-04 14:22:27.431000',NULL,NULL),(5,'plugin::users-permissions.auth.forgotPassword','2023-06-04 14:22:27.431000','2023-06-04 14:22:27.431000',NULL,NULL),(6,'plugin::users-permissions.auth.resetPassword','2023-06-04 14:22:27.431000','2023-06-04 14:22:27.431000',NULL,NULL),(7,'plugin::users-permissions.auth.register','2023-06-04 14:22:27.431000','2023-06-04 14:22:27.431000',NULL,NULL),(8,'plugin::users-permissions.auth.emailConfirmation','2023-06-04 14:22:27.431000','2023-06-04 14:22:27.431000',NULL,NULL),(9,'plugin::users-permissions.auth.sendEmailConfirmation','2023-06-04 14:22:27.431000','2023-06-04 14:22:27.431000',NULL,NULL),(10,'api::category.category.find','2023-06-05 15:19:58.210000','2023-06-05 15:19:58.210000',NULL,NULL),(11,'api::contact.contact.find','2023-06-05 15:19:58.210000','2023-06-05 15:19:58.210000',NULL,NULL),(12,'api::message.message.create','2023-06-05 15:19:58.210000','2023-06-05 15:19:58.210000',NULL,NULL),(13,'api::post.post.findOne','2023-06-05 15:19:58.210000','2023-06-05 15:19:58.210000',NULL,NULL),(14,'api::taxonomy.taxonomy.find','2023-06-05 15:19:58.210000','2023-06-05 15:19:58.210000',NULL,NULL),(15,'api::post.post.find','2023-06-05 15:19:58.210000','2023-06-05 15:19:58.210000',NULL,NULL),(16,'api::social.social.find','2023-06-05 15:19:58.210000','2023-06-05 15:19:58.210000',NULL,NULL),(17,'api::setting.setting.find','2023-06-05 15:19:58.210000','2023-06-05 15:19:58.210000',NULL,NULL),(28,'plugin::users-permissions.user.findOne','2023-06-08 13:28:18.141000','2023-06-08 13:28:18.141000',NULL,NULL),(29,'plugin::users-permissions.user.find','2023-06-08 13:28:25.792000','2023-06-08 13:28:25.792000',NULL,NULL);
/*!40000 ALTER TABLE `up_permissions` ENABLE KEYS */;
UNLOCK TABLES;

--
-- Table structure for table `up_permissions_role_links`
--

DROP TABLE IF EXISTS `up_permissions_role_links`;
/*!40101 SET @saved_cs_client     = @@character_set_client */;
/*!50503 SET character_set_client = utf8mb4 */;
CREATE TABLE `up_permissions_role_links` (
  `id` int unsigned NOT NULL AUTO_INCREMENT,
  `permission_id` int unsigned DEFAULT NULL,
  `role_id` int unsigned DEFAULT NULL,
  `permission_order` double unsigned DEFAULT NULL,
  PRIMARY KEY (`id`),
  UNIQUE KEY `up_permissions_role_links_unique` (`permission_id`,`role_id`),
  KEY `up_permissions_role_links_fk` (`permission_id`),
  KEY `up_permissions_role_links_inv_fk` (`role_id`),
  KEY `up_permissions_role_links_order_inv_fk` (`permission_order`),
  CONSTRAINT `up_permissions_role_links_fk` FOREIGN KEY (`permission_id`) REFERENCES `up_permissions` (`id`) ON DELETE CASCADE,
  CONSTRAINT `up_permissions_role_links_inv_fk` FOREIGN KEY (`role_id`) REFERENCES `up_roles` (`id`) ON DELETE CASCADE
) ENGINE=InnoDB AUTO_INCREMENT=30 DEFAULT CHARSET=utf8mb4 COLLATE=utf8mb4_0900_ai_ci;
/*!40101 SET character_set_client = @saved_cs_client */;

--
-- Dumping data for table `up_permissions_role_links`
--

LOCK TABLES `up_permissions_role_links` WRITE;
/*!40000 ALTER TABLE `up_permissions_role_links` DISABLE KEYS */;
INSERT INTO `up_permissions_role_links` VALUES (1,1,1,1),(2,2,1,1),(3,3,2,1),(4,4,2,1),(5,7,2,1),(6,5,2,1),(7,8,2,1),(8,9,2,1),(9,6,2,1),(10,10,2,2),(11,11,2,2),(12,13,2,2),(13,14,2,2),(14,15,2,2),(15,16,2,3),(16,12,2,3),(17,17,2,3),(28,28,2,4),(29,29,2,5);
/*!40000 ALTER TABLE `up_permissions_role_links` ENABLE KEYS */;
UNLOCK TABLES;

--
-- Table structure for table `up_roles`
--

DROP TABLE IF EXISTS `up_roles`;
/*!40101 SET @saved_cs_client     = @@character_set_client */;
/*!50503 SET character_set_client = utf8mb4 */;
CREATE TABLE `up_roles` (
  `id` int unsigned NOT NULL AUTO_INCREMENT,
  `name` varchar(255) DEFAULT NULL,
  `description` varchar(255) DEFAULT NULL,
  `type` varchar(255) DEFAULT NULL,
  `created_at` datetime(6) DEFAULT NULL,
  `updated_at` datetime(6) DEFAULT NULL,
  `created_by_id` int unsigned DEFAULT NULL,
  `updated_by_id` int unsigned DEFAULT NULL,
  PRIMARY KEY (`id`),
  KEY `up_roles_created_by_id_fk` (`created_by_id`),
  KEY `up_roles_updated_by_id_fk` (`updated_by_id`),
  CONSTRAINT `up_roles_created_by_id_fk` FOREIGN KEY (`created_by_id`) REFERENCES `admin_users` (`id`) ON DELETE SET NULL,
  CONSTRAINT `up_roles_updated_by_id_fk` FOREIGN KEY (`updated_by_id`) REFERENCES `admin_users` (`id`) ON DELETE SET NULL
) ENGINE=InnoDB AUTO_INCREMENT=6 DEFAULT CHARSET=utf8mb4 COLLATE=utf8mb4_0900_ai_ci;
/*!40101 SET character_set_client = @saved_cs_client */;

--
-- Dumping data for table `up_roles`
--

LOCK TABLES `up_roles` WRITE;
/*!40000 ALTER TABLE `up_roles` DISABLE KEYS */;
INSERT INTO `up_roles` VALUES (1,'Authenticated','Default role given to authenticated user.','authenticated','2023-06-04 14:22:27.398000','2023-06-04 14:22:27.398000',NULL,NULL),(2,'Public','Default role given to unauthenticated user.','public','2023-06-04 14:22:27.405000','2023-06-08 13:28:25.787000',NULL,NULL);
/*!40000 ALTER TABLE `up_roles` ENABLE KEYS */;
UNLOCK TABLES;

--
-- Table structure for table `up_users`
--

DROP TABLE IF EXISTS `up_users`;
/*!40101 SET @saved_cs_client     = @@character_set_client */;
/*!50503 SET character_set_client = utf8mb4 */;
CREATE TABLE `up_users` (
  `id` int unsigned NOT NULL AUTO_INCREMENT,
  `username` varchar(255) DEFAULT NULL,
  `email` varchar(255) DEFAULT NULL,
  `provider` varchar(255) DEFAULT NULL,
  `password` varchar(255) DEFAULT NULL,
  `reset_password_token` varchar(255) DEFAULT NULL,
  `confirmation_token` varchar(255) DEFAULT NULL,
  `confirmed` tinyint(1) DEFAULT NULL,
  `blocked` tinyint(1) DEFAULT NULL,
  `created_at` datetime(6) DEFAULT NULL,
  `updated_at` datetime(6) DEFAULT NULL,
  `created_by_id` int unsigned DEFAULT NULL,
  `updated_by_id` int unsigned DEFAULT NULL,
  `fullname` varchar(255) DEFAULT NULL,
  PRIMARY KEY (`id`),
  KEY `up_users_created_by_id_fk` (`created_by_id`),
  KEY `up_users_updated_by_id_fk` (`updated_by_id`),
  CONSTRAINT `up_users_created_by_id_fk` FOREIGN KEY (`created_by_id`) REFERENCES `admin_users` (`id`) ON DELETE SET NULL,
  CONSTRAINT `up_users_updated_by_id_fk` FOREIGN KEY (`updated_by_id`) REFERENCES `admin_users` (`id`) ON DELETE SET NULL
) ENGINE=InnoDB AUTO_INCREMENT=4 DEFAULT CHARSET=utf8mb4 COLLATE=utf8mb4_0900_ai_ci;
/*!40101 SET character_set_client = @saved_cs_client */;

--
-- Dumping data for table `up_users`
--

LOCK TABLES `up_users` WRITE;
/*!40000 ALTER TABLE `up_users` DISABLE KEYS */;
INSERT INTO `up_users` VALUES (1,'tharaa','thara@nomail.com','local','$2a$10$pSjdTovhL7PBLwlOXAa2v.iyxGkDKrtGBmWnYA5e.jC/ijHpYUVey',NULL,NULL,1,0,'2023-06-08 13:13:17.045000','2023-06-08 13:29:36.945000',1,1,'Tharaa Jaafar'),(2,'haifa','haifa@nomail.com','local','$2a$10$U/I27vpM5X7D2jzUSWM47.0JWUHrYnzeIYHj4s9EDAQujFb/kOsWS',NULL,NULL,1,0,'2023-06-08 13:13:48.271000','2023-06-08 13:29:42.687000',1,1,'Haifa'),(3,' Ola','ola@nomail.com','local','$2a$10$Ap7/H7w.iu/FKpWmRSgTDOHtdKc4KTEY.k4owz3e0y0BnWZGYbEHO',NULL,NULL,1,0,'2023-06-08 13:14:24.613000','2023-06-08 13:29:54.521000',1,1,'Ola Abo Saeed');
/*!40000 ALTER TABLE `up_users` ENABLE KEYS */;
UNLOCK TABLES;

--
-- Table structure for table `up_users_role_links`
--

DROP TABLE IF EXISTS `up_users_role_links`;
/*!40101 SET @saved_cs_client     = @@character_set_client */;
/*!50503 SET character_set_client = utf8mb4 */;
CREATE TABLE `up_users_role_links` (
  `id` int unsigned NOT NULL AUTO_INCREMENT,
  `user_id` int unsigned DEFAULT NULL,
  `role_id` int unsigned DEFAULT NULL,
  `user_order` double unsigned DEFAULT NULL,
  PRIMARY KEY (`id`),
  UNIQUE KEY `up_users_role_links_unique` (`user_id`,`role_id`),
  KEY `up_users_role_links_fk` (`user_id`),
  KEY `up_users_role_links_inv_fk` (`role_id`),
  KEY `up_users_role_links_order_inv_fk` (`user_order`),
  CONSTRAINT `up_users_role_links_fk` FOREIGN KEY (`user_id`) REFERENCES `up_users` (`id`) ON DELETE CASCADE,
  CONSTRAINT `up_users_role_links_inv_fk` FOREIGN KEY (`role_id`) REFERENCES `up_roles` (`id`) ON DELETE CASCADE
) ENGINE=InnoDB AUTO_INCREMENT=10 DEFAULT CHARSET=utf8mb4 COLLATE=utf8mb4_0900_ai_ci;
/*!40101 SET character_set_client = @saved_cs_client */;

--
-- Dumping data for table `up_users_role_links`
--

LOCK TABLES `up_users_role_links` WRITE;
/*!40000 ALTER TABLE `up_users_role_links` DISABLE KEYS */;
INSERT INTO `up_users_role_links` VALUES (7,1,1,1),(8,2,1,2),(9,3,1,3);
/*!40000 ALTER TABLE `up_users_role_links` ENABLE KEYS */;
UNLOCK TABLES;

--
-- Table structure for table `upload_folders`
--

DROP TABLE IF EXISTS `upload_folders`;
/*!40101 SET @saved_cs_client     = @@character_set_client */;
/*!50503 SET character_set_client = utf8mb4 */;
CREATE TABLE `upload_folders` (
  `id` int unsigned NOT NULL AUTO_INCREMENT,
  `name` varchar(255) DEFAULT NULL,
  `path_id` int DEFAULT NULL,
  `path` varchar(255) DEFAULT NULL,
  `created_at` datetime(6) DEFAULT NULL,
  `updated_at` datetime(6) DEFAULT NULL,
  `created_by_id` int unsigned DEFAULT NULL,
  `updated_by_id` int unsigned DEFAULT NULL,
  PRIMARY KEY (`id`),
  UNIQUE KEY `upload_folders_path_id_index` (`path_id`),
  UNIQUE KEY `upload_folders_path_index` (`path`),
  KEY `upload_folders_created_by_id_fk` (`created_by_id`),
  KEY `upload_folders_updated_by_id_fk` (`updated_by_id`),
  CONSTRAINT `upload_folders_created_by_id_fk` FOREIGN KEY (`created_by_id`) REFERENCES `admin_users` (`id`) ON DELETE SET NULL,
  CONSTRAINT `upload_folders_updated_by_id_fk` FOREIGN KEY (`updated_by_id`) REFERENCES `admin_users` (`id`) ON DELETE SET NULL
) ENGINE=InnoDB DEFAULT CHARSET=utf8mb4 COLLATE=utf8mb4_0900_ai_ci;
/*!40101 SET character_set_client = @saved_cs_client */;

--
-- Dumping data for table `upload_folders`
--

LOCK TABLES `upload_folders` WRITE;
/*!40000 ALTER TABLE `upload_folders` DISABLE KEYS */;
/*!40000 ALTER TABLE `upload_folders` ENABLE KEYS */;
UNLOCK TABLES;

--
-- Table structure for table `upload_folders_parent_links`
--

DROP TABLE IF EXISTS `upload_folders_parent_links`;
/*!40101 SET @saved_cs_client     = @@character_set_client */;
/*!50503 SET character_set_client = utf8mb4 */;
CREATE TABLE `upload_folders_parent_links` (
  `id` int unsigned NOT NULL AUTO_INCREMENT,
  `folder_id` int unsigned DEFAULT NULL,
  `inv_folder_id` int unsigned DEFAULT NULL,
  `folder_order` double unsigned DEFAULT NULL,
  PRIMARY KEY (`id`),
  UNIQUE KEY `upload_folders_parent_links_unique` (`folder_id`,`inv_folder_id`),
  KEY `upload_folders_parent_links_fk` (`folder_id`),
  KEY `upload_folders_parent_links_inv_fk` (`inv_folder_id`),
  KEY `upload_folders_parent_links_order_inv_fk` (`folder_order`),
  CONSTRAINT `upload_folders_parent_links_fk` FOREIGN KEY (`folder_id`) REFERENCES `upload_folders` (`id`) ON DELETE CASCADE,
  CONSTRAINT `upload_folders_parent_links_inv_fk` FOREIGN KEY (`inv_folder_id`) REFERENCES `upload_folders` (`id`) ON DELETE CASCADE
) ENGINE=InnoDB DEFAULT CHARSET=utf8mb4 COLLATE=utf8mb4_0900_ai_ci;
/*!40101 SET character_set_client = @saved_cs_client */;

--
-- Dumping data for table `upload_folders_parent_links`
--

LOCK TABLES `upload_folders_parent_links` WRITE;
/*!40000 ALTER TABLE `upload_folders_parent_links` DISABLE KEYS */;
/*!40000 ALTER TABLE `upload_folders_parent_links` ENABLE KEYS */;
UNLOCK TABLES;
/*!40103 SET TIME_ZONE=@OLD_TIME_ZONE */;

/*!40101 SET SQL_MODE=@OLD_SQL_MODE */;
/*!40014 SET FOREIGN_KEY_CHECKS=@OLD_FOREIGN_KEY_CHECKS */;
/*!40014 SET UNIQUE_CHECKS=@OLD_UNIQUE_CHECKS */;
/*!40101 SET CHARACTER_SET_CLIENT=@OLD_CHARACTER_SET_CLIENT */;
/*!40101 SET CHARACTER_SET_RESULTS=@OLD_CHARACTER_SET_RESULTS */;
/*!40101 SET COLLATION_CONNECTION=@OLD_COLLATION_CONNECTION */;
/*!40111 SET SQL_NOTES=@OLD_SQL_NOTES */;

-- Dump completed on 2023-06-18 13:18:37
